accountNumber,agentId,sourceIp,sourcePort,destinationIp,destinationPort,ipVersion,transportProtocol,agentAssignedProcessId,agentCreationDate
185946404262,o-3owubnjzljdsg8l42,96.81.52.113,,192.168.92.63,443,IPv4,TCP,0C0B3D21C2D5F6A72D882EB62F49DBFE20D2A63F,2018-05-27 01:30:00,/usr/sbin/httpd,/usr/sbin/httpd -DFOREGROUND
185946404262,o-3owubnjzljdsg8l42,173.164.34.41,,192.168.92.63,443,IPv4,TCP,0C0B3D21C2D5F6A72D882EB62F49DBFE20D2A63F,2018-05-27 01:45:00,/usr/sbin/httpd,/usr/sbin/httpd -DFOREGROUND
185946404262,o-3owubnjzljdsg8l42,35.198.232.160,,192.168.92.63,80,IPv4,TCP,0C0B3D21C2D5F6A72D882EB62F49DBFE20D2A63F,2018-05-27 02:30:00,/usr/sbin/httpd,/usr/sbin/httpd -DFOREGROUND
185946404262,o-3owubnjzljdsg8l42,35.198.232.160,,192.168.92.63,443,IPv4,TCP,0C0B3D21C2D5F6A72D882EB62F49DBFE20D2A63F,2018-05-27 02:30:00,/usr/sbin/httpd,/usr/sbin/httpd -DFOREGROUND
185946404262,o-3owubnjzljdsg8l42,96.81.52.113,,192.168.92.63,443,IPv4,TCP,0C0B3D21C2D5F6A72D882EB62F49DBFE20D2A63F,2018-05-27 02:30:00,/usr/sbin/httpd,/usr/sbin/httpd -DFOREGROUND
185946404262,o-3owubnjzljdsg8l42,173.164.34.41,,192.168.92.63,443,IPv4,TCP,0C0B3D21C2D5F6A72D882EB62F49DBFE20D2A63F,2018-05-27 02:30:00,/usr/sbin/httpd,/usr/sbin/httpd -DFOREGROUND
185946404262,o-3owubnjzljdsg8l42,96.81.52.113,,192.168.92.63,443,IPv4,TCP,0C0B3D21C2D5F6A72D882EB62F49DBFE20D2A63F,2018-05-27 02:00:00,/usr/sbin/httpd,/usr/sbin/httpd -DFOREGROUND
185946404262,o-3owubnjzljdsg8l42,96.81.52.113,,192.168.92.63,443,IPv4,TCP,0C0B3D21C2D5F6A72D882EB62F49DBFE20D2A63F,2018-05-27 03:00:00,/usr/sbin/httpd,/usr/sbin/httpd -DFOREGROUND
185946404262,o-3owubnjzljdsg8l42,173.164.34.41,,192.168.92.63,443,IPv4,TCP,0C0B3D21C2D5F6A72D882EB62F49DBFE20D2A63F,2018-05-27 03:00:00,/usr/sbin/httpd,/usr/sbin/httpd -DFOREGROUND
185946404262,o-3owubnjzljdsg8l42,173.164.34.41,,192.168.92.63,443,IPv4,TCP,0C0B3D21C2D5F6A72D882EB62F49DBFE20D2A63F,2018-05-27 03:15:00,/usr/sbin/httpd,/usr/sbin/httpd -DFOREGROUND
185946404262,o-3owubnjzljdsg8l42,96.81.52.113,,192.168.92.63,443,IPv4,TCP,0C0B3D21C2D5F6A72D882EB62F49DBFE20D2A63F,2018-05-27 03:30:00,/usr/sbin/httpd,/usr/sbin/httpd -DFOREGROUND
185946404262,o-3owubnjzljdsg8l42,173.164.34.41,,192.168.92.63,443,IPv4,TCP,0C0B3D21C2D5F6A72D882EB62F49DBFE20D2A63F,2018-05-27 03:30:00,/usr/sbin/httpd,/usr/sbin/httpd -DFOREGROUND
185946404262,o-3owubnjzljdsg8l42,35.203.72.24,,192.168.92.63,80,IPv4,TCP,0C0B3D21C2D5F6A72D882EB62F49DBFE20D2A63F,2018-05-27 02:45:00,/usr/sbin/httpd,/usr/sbin/httpd -DFOREGROUND
185946404262,o-3owubnjzljdsg8l42,140.143.233.233,,192.168.92.63,80,IPv4,TCP,0C0B3D21C2D5F6A72D882EB62F49DBFE20D2A63F,2018-05-27 02:45:00,/usr/sbin/httpd,/usr/sbin/httpd -DFOREGROUND
185946404262,o-3owubnjzljdsg8l42,35.203.72.24,,192.168.92.63,443,IPv4,TCP,0C0B3D21C2D5F6A72D882EB62F49DBFE20D2A63F,2018-05-27 02:45:00,/usr/sbin/httpd,/usr/sbin/httpd -DFOREGROUND
185946404262,o-3owubnjzljdsg8l42,96.81.52.113,,192.168.92.63,443,IPv4,TCP,0C0B3D21C2D5F6A72D882EB62F49DBFE20D2A63F,2018-05-27 02:45:00,/usr/sbin/httpd,/usr/sbin/httpd -DFOREGROUND
185946404262,o-3owubnjzljdsg8l42,96.81.52.113,,192.168.92.63,443,IPv4,TCP,0C0B3D21C2D5F6A72D882EB62F49DBFE20D2A63F,2018-05-27 03:45:00,/usr/sbin/httpd,/usr/sbin/httpd -DFOREGROUND
185946404262,o-3owubnjzljdsg8l42,173.164.34.41,,192.168.92.63,443,IPv4,TCP,0C0B3D21C2D5F6A72D882EB62F49DBFE20D2A63F,2018-05-27 03:45:00,/usr/sbin/httpd,/usr/sbin/httpd -DFOREGROUND
185946404262,o-3owubnjzljdsg8l42,96.81.52.113,,192.168.92.63,443,IPv4,TCP,0C0B3D21C2D5F6A72D882EB62F49DBFE20D2A63F,2018-05-27 04:30:00,/usr/sbin/httpd,/usr/sbin/httpd -DFOREGROUND
185946404262,o-3owubnjzljdsg8l42,96.81.52.113,,192.168.92.63,443,IPv4,TCP,0C0B3D21C2D5F6A72D882EB62F49DBFE20D2A63F,2018-05-27 05:30:00,/usr/sbin/httpd,/usr/sbin/httpd -DFOREGROUND
185946404262,o-3owubnjzljdsg8l42,96.81.52.113,,192.168.92.63,443,IPv4,TCP,0C0B3D21C2D5F6A72D882EB62F49DBFE20D2A63F,2018-05-27 05:00:00,/usr/sbin/httpd,/usr/sbin/httpd -DFOREGROUND
185946404262,o-3owubnjzljdsg8l42,173.164.34.41,,192.168.92.63,443,IPv4,TCP,0C0B3D21C2D5F6A72D882EB62F49DBFE20D2A63F,2018-05-27 05:00:00,/usr/sbin/httpd,/usr/sbin/httpd -DFOREGROUND
185946404262,o-3owubnjzljdsg8l42,96.81.52.113,,192.168.92.63,443,IPv4,TCP,0C0B3D21C2D5F6A72D882EB62F49DBFE20D2A63F,2018-05-27 06:15:00,/usr/sbin/httpd,/usr/sbin/httpd -DFOREGROUND
185946404262,o-3owubnjzljdsg8l42,173.164.34.41,,192.168.92.63,443,IPv4,TCP,0C0B3D21C2D5F6A72D882EB62F49DBFE20D2A63F,2018-05-27 06:15:00,/usr/sbin/httpd,/usr/sbin/httpd -DFOREGROUND
185946404262,o-3owubnjzljdsg8l42,96.81.52.113,,192.168.92.63,443,IPv4,TCP,0C0B3D21C2D5F6A72D882EB62F49DBFE20D2A63F,2018-05-27 06:00:00,/usr/sbin/httpd,/usr/sbin/httpd -DFOREGROUND
185946404262,o-3owubnjzljdsg8l42,96.81.52.113,,192.168.92.63,443,IPv4,TCP,0C0B3D21C2D5F6A72D882EB62F49DBFE20D2A63F,2018-05-27 07:00:00,/usr/sbin/httpd,/usr/sbin/httpd -DFOREGROUND
185946404262,o-3owubnjzljdsg8l42,173.164.34.41,,192.168.92.63,443,IPv4,TCP,0C0B3D21C2D5F6A72D882EB62F49DBFE20D2A63F,2018-05-27 07:15:00,/usr/sbin/httpd,/usr/sbin/httpd -DFOREGROUND
185946404262,o-3owubnjzljdsg8l42,96.81.52.113,,192.168.92.63,443,IPv4,TCP,0C0B3D21C2D5F6A72D882EB62F49DBFE20D2A63F,2018-05-27 07:30:00,/usr/sbin/httpd,/usr/sbin/httpd -DFOREGROUND
185946404262,o-3owubnjzljdsg8l42,96.81.52.113,,192.168.92.63,443,IPv4,TCP,0C0B3D21C2D5F6A72D882EB62F49DBFE20D2A63F,2018-05-27 08:00:00,/usr/sbin/httpd,/usr/sbin/httpd -DFOREGROUND
185946404262,o-3owubnjzljdsg8l42,96.81.52.113,,192.168.92.63,443,IPv4,TCP,0C0B3D21C2D5F6A72D882EB62F49DBFE20D2A63F,2018-05-27 08:15:00,/usr/sbin/httpd,/usr/sbin/httpd -DFOREGROUND
185946404262,o-3owubnjzljdsg8l42,173.164.34.41,,192.168.92.63,443,IPv4,TCP,0C0B3D21C2D5F6A72D882EB62F49DBFE20D2A63F,2018-05-27 08:15:00,/usr/sbin/httpd,/usr/sbin/httpd -DFOREGROUND
185946404262,o-3owubnjzljdsg8l42,96.81.52.113,,192.168.92.63,443,IPv4,TCP,0C0B3D21C2D5F6A72D882EB62F49DBFE20D2A63F,2018-05-27 07:45:00,/usr/sbin/httpd,/usr/sbin/httpd -DFOREGROUND
185946404262,o-3owubnjzljdsg8l42,173.164.34.41,,192.168.92.63,443,IPv4,TCP,0C0B3D21C2D5F6A72D882EB62F49DBFE20D2A63F,2018-05-27 07:45:00,/usr/sbin/httpd,/usr/sbin/httpd -DFOREGROUND
185946404262,o-3owubnjzljdsg8l42,173.164.34.41,,192.168.92.63,443,IPv4,TCP,0C0B3D21C2D5F6A72D882EB62F49DBFE20D2A63F,2018-05-27 09:00:00,/usr/sbin/httpd,/usr/sbin/httpd -DFOREGROUND
185946404262,o-3owubnjzljdsg8l42,35.197.239.65,,192.168.92.63,80,IPv4,TCP,0C0B3D21C2D5F6A72D882EB62F49DBFE20D2A63F,2018-05-27 08:45:00,/usr/sbin/httpd,/usr/sbin/httpd -DFOREGROUND
185946404262,o-3owubnjzljdsg8l42,35.197.239.65,,192.168.92.63,443,IPv4,TCP,0C0B3D21C2D5F6A72D882EB62F49DBFE20D2A63F,2018-05-27 08:45:00,/usr/sbin/httpd,/usr/sbin/httpd -DFOREGROUND
185946404262,o-3owubnjzljdsg8l42,173.164.34.41,,192.168.92.63,443,IPv4,TCP,0C0B3D21C2D5F6A72D882EB62F49DBFE20D2A63F,2018-05-27 08:45:00,/usr/sbin/httpd,/usr/sbin/httpd -DFOREGROUND
185946404262,o-3owubnjzljdsg8l42,96.81.52.113,,192.168.92.63,443,IPv4,TCP,0C0B3D21C2D5F6A72D882EB62F49DBFE20D2A63F,2018-05-27 10:30:00,/usr/sbin/httpd,/usr/sbin/httpd -DFOREGROUND
185946404262,o-3owubnjzljdsg8l42,173.164.34.41,,192.168.92.63,443,IPv4,TCP,0C0B3D21C2D5F6A72D882EB62F49DBFE20D2A63F,2018-05-27 10:30:00,/usr/sbin/httpd,/usr/sbin/httpd -DFOREGROUND
185946404262,o-3owubnjzljdsg8l42,96.81.52.113,,192.168.92.63,443,IPv4,TCP,0C0B3D21C2D5F6A72D882EB62F49DBFE20D2A63F,2018-05-27 09:30:00,/usr/sbin/httpd,/usr/sbin/httpd -DFOREGROUND
185946404262,o-3owubnjzljdsg8l42,173.164.34.41,,192.168.92.63,443,IPv4,TCP,0C0B3D21C2D5F6A72D882EB62F49DBFE20D2A63F,2018-05-27 09:45:00,/usr/sbin/httpd,/usr/sbin/httpd -DFOREGROUND
185946404262,o-3owubnjzljdsg8l42,96.81.52.113,,192.168.92.63,443,IPv4,TCP,0C0B3D21C2D5F6A72D882EB62F49DBFE20D2A63F,2018-05-27 11:30:00,/usr/sbin/httpd,/usr/sbin/httpd -DFOREGROUND
185946404262,o-3owubnjzljdsg8l42,96.81.52.113,,192.168.92.63,443,IPv4,TCP,0C0B3D21C2D5F6A72D882EB62F49DBFE20D2A63F,2018-05-27 11:15:00,/usr/sbin/httpd,/usr/sbin/httpd -DFOREGROUND
185946404262,o-3owubnjzljdsg8l42,96.81.52.113,,192.168.92.63,443,IPv4,TCP,0C0B3D21C2D5F6A72D882EB62F49DBFE20D2A63F,2018-05-27 11:00:00,/usr/sbin/httpd,/usr/sbin/httpd -DFOREGROUND
185946404262,o-3owubnjzljdsg8l42,96.81.52.113,,192.168.92.63,443,IPv4,TCP,0C0B3D21C2D5F6A72D882EB62F49DBFE20D2A63F,2018-05-27 12:30:00,/usr/sbin/httpd,/usr/sbin/httpd -DFOREGROUND
185946404262,o-3owubnjzljdsg8l42,173.164.34.41,,192.168.92.63,443,IPv4,TCP,0C0B3D21C2D5F6A72D882EB62F49DBFE20D2A63F,2018-05-27 11:45:00,/usr/sbin/httpd,/usr/sbin/httpd -DFOREGROUND
185946404262,o-3owubnjzljdsg8l42,96.81.52.113,,192.168.92.63,443,IPv4,TCP,0C0B3D21C2D5F6A72D882EB62F49DBFE20D2A63F,2018-05-27 12:00:00,/usr/sbin/httpd,/usr/sbin/httpd -DFOREGROUND
185946404262,o-3owubnjzljdsg8l42,173.164.34.41,,192.168.92.63,443,IPv4,TCP,0C0B3D21C2D5F6A72D882EB62F49DBFE20D2A63F,2018-05-27 12:00:00,/usr/sbin/httpd,/usr/sbin/httpd -DFOREGROUND
185946404262,o-3owubnjzljdsg8l42,96.81.52.113,,192.168.92.63,443,IPv4,TCP,0C0B3D21C2D5F6A72D882EB62F49DBFE20D2A63F,2018-05-27 13:30:00,/usr/sbin/httpd,/usr/sbin/httpd -DFOREGROUND
185946404262,o-3owubnjzljdsg8l42,74.82.47.2,,192.168.92.63,443,IPv4,TCP,0C0B3D21C2D5F6A72D882EB62F49DBFE20D2A63F,2018-05-27 13:00:00,/usr/sbin/httpd,/usr/sbin/httpd -DFOREGROUND
185946404262,o-3owubnjzljdsg8l42,96.81.52.113,,192.168.92.63,443,IPv4,TCP,0C0B3D21C2D5F6A72D882EB62F49DBFE20D2A63F,2018-05-27 13:00:00,/usr/sbin/httpd,/usr/sbin/httpd -DFOREGROUND
185946404262,o-3owubnjzljdsg8l42,173.164.34.41,,192.168.92.63,443,IPv4,TCP,0C0B3D21C2D5F6A72D882EB62F49DBFE20D2A63F,2018-05-27 13:00:00,/usr/sbin/httpd,/usr/sbin/httpd -DFOREGROUND
185946404262,o-3owubnjzljdsg8l42,96.81.52.113,,192.168.92.63,443,IPv4,TCP,0C0B3D21C2D5F6A72D882EB62F49DBFE20D2A63F,2018-05-27 12:45:00,/usr/sbin/httpd,/usr/sbin/httpd -DFOREGROUND
185946404262,o-3owubnjzljdsg8l42,173.164.34.41,,192.168.92.63,443,IPv4,TCP,0C0B3D21C2D5F6A72D882EB62F49DBFE20D2A63F,2018-05-27 12:45:00,/usr/sbin/httpd,/usr/sbin/httpd -DFOREGROUND
185946404262,o-3owubnjzljdsg8l42,96.81.52.113,,192.168.92.63,443,IPv4,TCP,0C0B3D21C2D5F6A72D882EB62F49DBFE20D2A63F,2018-05-27 14:00:00,/usr/sbin/httpd,/usr/sbin/httpd -DFOREGROUND
185946404262,o-3owubnjzljdsg8l42,173.164.34.41,,192.168.92.63,443,IPv4,TCP,0C0B3D21C2D5F6A72D882EB62F49DBFE20D2A63F,2018-05-27 14:00:00,/usr/sbin/httpd,/usr/sbin/httpd -DFOREGROUND
185946404262,o-3owubnjzljdsg8l42,96.81.52.113,,192.168.92.63,443,IPv4,TCP,0C0B3D21C2D5F6A72D882EB62F49DBFE20D2A63F,2018-05-27 14:15:00,/usr/sbin/httpd,/usr/sbin/httpd -DFOREGROUND
185946404262,o-3owubnjzljdsg8l42,173.164.34.41,,192.168.92.63,443,IPv4,TCP,0C0B3D21C2D5F6A72D882EB62F49DBFE20D2A63F,2018-05-27 14:15:00,/usr/sbin/httpd,/usr/sbin/httpd -DFOREGROUND
185946404262,o-3owubnjzljdsg8l42,103.68.180.60,,192.168.92.63,80,IPv4,TCP,0C0B3D21C2D5F6A72D882EB62F49DBFE20D2A63F,2018-05-27 15:00:00,/usr/sbin/httpd,/usr/sbin/httpd -DFOREGROUND
185946404262,o-3owubnjzljdsg8l42,96.81.52.113,,192.168.92.63,443,IPv4,TCP,0C0B3D21C2D5F6A72D882EB62F49DBFE20D2A63F,2018-05-27 15:00:00,/usr/sbin/httpd,/usr/sbin/httpd -DFOREGROUND
185946404262,o-3owubnjzljdsg8l42,173.164.34.41,,192.168.92.63,443,IPv4,TCP,0C0B3D21C2D5F6A72D882EB62F49DBFE20D2A63F,2018-05-27 15:00:00,/usr/sbin/httpd,/usr/sbin/httpd -DFOREGROUND
185946404262,o-3owubnjzljdsg8l42,96.81.52.113,,192.168.92.63,443,IPv4,TCP,0C0B3D21C2D5F6A72D882EB62F49DBFE20D2A63F,2018-05-27 14:45:00,/usr/sbin/httpd,/usr/sbin/httpd -DFOREGROUND
185946404262,o-3owubnjzljdsg8l42,173.164.34.41,,192.168.92.63,443,IPv4,TCP,0C0B3D21C2D5F6A72D882EB62F49DBFE20D2A63F,2018-05-27 15:15:00,/usr/sbin/httpd,/usr/sbin/httpd -DFOREGROUND
185946404262,o-3owubnjzljdsg8l42,134.119.212.87,,192.168.92.63,80,IPv4,TCP,0C0B3D21C2D5F6A72D882EB62F49DBFE20D2A63F,2018-05-27 16:30:00,/usr/sbin/httpd,/usr/sbin/httpd -DFOREGROUND
185946404262,o-3owubnjzljdsg8l42,173.164.34.41,,192.168.92.63,443,IPv4,TCP,0C0B3D21C2D5F6A72D882EB62F49DBFE20D2A63F,2018-05-27 16:30:00,/usr/sbin/httpd,/usr/sbin/httpd -DFOREGROUND
185946404262,o-3owubnjzljdsg8l42,96.81.52.113,,192.168.92.63,443,IPv4,TCP,0C0B3D21C2D5F6A72D882EB62F49DBFE20D2A63F,2018-05-27 15:45:00,/usr/sbin/httpd,/usr/sbin/httpd -DFOREGROUND
185946404262,o-3owubnjzljdsg8l42,96.81.52.113,,192.168.92.63,443,IPv4,TCP,0C0B3D21C2D5F6A72D882EB62F49DBFE20D2A63F,2018-05-27 16:00:00,/usr/sbin/httpd,/usr/sbin/httpd -DFOREGROUND
185946404262,o-3owubnjzljdsg8l42,173.164.34.41,,192.168.92.63,443,IPv4,TCP,0C0B3D21C2D5F6A72D882EB62F49DBFE20D2A63F,2018-05-27 16:00:00,/usr/sbin/httpd,/usr/sbin/httpd -DFOREGROUND
185946404262,o-3owubnjzljdsg8l42,134.119.212.87,,192.168.92.63,80,IPv4,TCP,0C0B3D21C2D5F6A72D882EB62F49DBFE20D2A63F,2018-05-27 16:15:00,/usr/sbin/httpd,/usr/sbin/httpd -DFOREGROUND
185946404262,o-3owubnjzljdsg8l42,118.193.158.17,,192.168.92.63,80,IPv4,TCP,0C0B3D21C2D5F6A72D882EB62F49DBFE20D2A63F,2018-05-27 16:45:00,/usr/sbin/httpd,/usr/sbin/httpd -DFOREGROUND
185946404262,o-3owubnjzljdsg8l42,96.81.52.113,,192.168.92.63,443,IPv4,TCP,0C0B3D21C2D5F6A72D882EB62F49DBFE20D2A63F,2018-05-27 16:45:00,/usr/sbin/httpd,/usr/sbin/httpd -DFOREGROUND
185946404262,o-3owubnjzljdsg8l42,173.164.34.41,,192.168.92.63,443,IPv4,TCP,0C0B3D21C2D5F6A72D882EB62F49DBFE20D2A63F,2018-05-27 17:15:00,/usr/sbin/httpd,/usr/sbin/httpd -DFOREGROUND
185946404262,o-3owubnjzljdsg8l42,173.164.34.41,,192.168.92.63,443,IPv4,TCP,0C0B3D21C2D5F6A72D882EB62F49DBFE20D2A63F,2018-05-27 17:30:00,/usr/sbin/httpd,/usr/sbin/httpd -DFOREGROUND
185946404262,o-3owubnjzljdsg8l42,96.81.52.113,,192.168.92.63,443,IPv4,TCP,0C0B3D21C2D5F6A72D882EB62F49DBFE20D2A63F,2018-05-27 17:00:00,/usr/sbin/httpd,/usr/sbin/httpd -DFOREGROUND
185946404262,o-3owubnjzljdsg8l42,173.164.34.41,,192.168.92.63,443,IPv4,TCP,0C0B3D21C2D5F6A72D882EB62F49DBFE20D2A63F,2018-05-27 17:00:00,/usr/sbin/httpd,/usr/sbin/httpd -DFOREGROUND
185946404262,o-3owubnjzljdsg8l42,96.81.52.113,,192.168.92.63,443,IPv4,TCP,0C0B3D21C2D5F6A72D882EB62F49DBFE20D2A63F,2018-05-27 18:30:00,/usr/sbin/httpd,/usr/sbin/httpd -DFOREGROUND
185946404262,o-3owubnjzljdsg8l42,173.164.34.41,,192.168.92.63,443,IPv4,TCP,0C0B3D21C2D5F6A72D882EB62F49DBFE20D2A63F,2018-05-27 18:30:00,/usr/sbin/httpd,/usr/sbin/httpd -DFOREGROUND
185946404262,o-3owubnjzljdsg8l42,96.81.52.113,,192.168.92.63,443,IPv4,TCP,0C0B3D21C2D5F6A72D882EB62F49DBFE20D2A63F,2018-05-27 17:45:00,/usr/sbin/httpd,/usr/sbin/httpd -DFOREGROUND
185946404262,o-3owubnjzljdsg8l42,173.164.34.41,,192.168.92.63,443,IPv4,TCP,0C0B3D21C2D5F6A72D882EB62F49DBFE20D2A63F,2018-05-27 17:45:00,/usr/sbin/httpd,/usr/sbin/httpd -DFOREGROUND
185946404262,o-3owubnjzljdsg8l42,96.81.52.113,,192.168.92.63,443,IPv4,TCP,0C0B3D21C2D5F6A72D882EB62F49DBFE20D2A63F,2018-05-27 18:00:00,/usr/sbin/httpd,/usr/sbin/httpd -DFOREGROUND
185946404262,o-3owubnjzljdsg8l42,173.164.34.41,,192.168.92.63,443,IPv4,TCP,0C0B3D21C2D5F6A72D882EB62F49DBFE20D2A63F,2018-05-27 18:00:00,/usr/sbin/httpd,/usr/sbin/httpd -DFOREGROUND
185946404262,o-3owubnjzljdsg8l42,173.164.34.41,,192.168.92.63,443,IPv4,TCP,0C0B3D21C2D5F6A72D882EB62F49DBFE20D2A63F,2018-05-27 18:15:00,/usr/sbin/httpd,/usr/sbin/httpd -DFOREGROUND
185946404262,o-3owubnjzljdsg8l42,96.81.52.113,,192.168.92.63,443,IPv4,TCP,0C0B3D21C2D5F6A72D882EB62F49DBFE20D2A63F,2018-05-27 18:45:00,/usr/sbin/httpd,/usr/sbin/httpd -DFOREGROUND
185946404262,o-3owubnjzljdsg8l42,96.81.52.113,,192.168.92.63,443,IPv4,TCP,0C0B3D21C2D5F6A72D882EB62F49DBFE20D2A63F,2018-05-27 19:30:00,/usr/sbin/httpd,/usr/sbin/httpd -DFOREGROUND
185946404262,o-3owubnjzljdsg8l42,173.164.34.41,,192.168.92.63,443,IPv4,TCP,0C0B3D21C2D5F6A72D882EB62F49DBFE20D2A63F,2018-05-27 19:30:00,/usr/sbin/httpd,/usr/sbin/httpd -DFOREGROUND
185946404262,o-3owubnjzljdsg8l42,173.164.34.41,,192.168.92.63,443,IPv4,TCP,0C0B3D21C2D5F6A72D882EB62F49DBFE20D2A63F,2018-05-27 19:00:00,/usr/sbin/httpd,/usr/sbin/httpd -DFOREGROUND
185946404262,o-3owubnjzljdsg8l42,96.81.52.113,,192.168.92.63,443,IPv4,TCP,0C0B3D21C2D5F6A72D882EB62F49DBFE20D2A63F,2018-05-27 19:15:00,/usr/sbin/httpd,/usr/sbin/httpd -DFOREGROUND
185946404262,o-3owubnjzljdsg8l42,173.164.34.41,,192.168.92.63,443,IPv4,TCP,0C0B3D21C2D5F6A72D882EB62F49DBFE20D2A63F,2018-05-27 19:45:00,/usr/sbin/httpd,/usr/sbin/httpd -DFOREGROUND
185946404262,o-3owubnjzljdsg8l42,96.81.52.113,,192.168.92.63,443,IPv4,TCP,0C0B3D21C2D5F6A72D882EB62F49DBFE20D2A63F,2018-05-27 20:00:00,/usr/sbin/httpd,/usr/sbin/httpd -DFOREGROUND
185946404262,o-3owubnjzljdsg8l42,173.164.34.41,,192.168.92.63,443,IPv4,TCP,0C0B3D21C2D5F6A72D882EB62F49DBFE20D2A63F,2018-05-27 20:00:00,/usr/sbin/httpd,/usr/sbin/httpd -DFOREGROUND
185946404262,o-3owubnjzljdsg8l42,96.81.52.113,,192.168.92.63,443,IPv4,TCP,0C0B3D21C2D5F6A72D882EB62F49DBFE20D2A63F,2018-05-27 21:00:00,/usr/sbin/httpd,/usr/sbin/httpd -DFOREGROUND
185946404262,o-3owubnjzljdsg8l42,173.164.34.41,,192.168.92.63,443,IPv4,TCP,0C0B3D21C2D5F6A72D882EB62F49DBFE20D2A63F,2018-05-27 21:00:00,/usr/sbin/httpd,/usr/sbin/httpd -DFOREGROUND
185946404262,o-3owubnjzljdsg8l42,96.81.52.113,,192.168.92.63,443,IPv4,TCP,0C0B3D21C2D5F6A72D882EB62F49DBFE20D2A63F,2018-05-27 20:45:00,/usr/sbin/httpd,/usr/sbin/httpd -DFOREGROUND
185946404262,o-3owubnjzljdsg8l42,173.164.34.41,,192.168.92.63,443,IPv4,TCP,0C0B3D21C2D5F6A72D882EB62F49DBFE20D2A63F,2018-05-27 21:15:00,/usr/sbin/httpd,/usr/sbin/httpd -DFOREGROUND
185946404262,o-3owubnjzljdsg8l42,173.164.34.41,,192.168.92.63,443,IPv4,TCP,0C0B3D21C2D5F6A72D882EB62F49DBFE20D2A63F,2018-05-27 21:30:00,/usr/sbin/httpd,/usr/sbin/httpd -DFOREGROUND
185946404262,o-3owubnjzljdsg8l42,96.81.52.113,,192.168.92.63,443,IPv4,TCP,0C0B3D21C2D5F6A72D882EB62F49DBFE20D2A63F,2018-05-27 22:00:00,/usr/sbin/httpd,/usr/sbin/httpd -DFOREGROUND
185946404262,o-3owubnjzljdsg8l42,173.164.34.41,,192.168.92.63,443,IPv4,TCP,0C0B3D21C2D5F6A72D882EB62F49DBFE20D2A63F,2018-05-27 22:00:00,/usr/sbin/httpd,/usr/sbin/httpd -DFOREGROUND
185946404262,o-3owubnjzljdsg8l42,173.164.34.41,,192.168.92.63,443,IPv4,TCP,0C0B3D21C2D5F6A72D882EB62F49DBFE20D2A63F,2018-05-27 22:30:00,/usr/sbin/httpd,/usr/sbin/httpd -DFOREGROUND
185946404262,o-3owubnjzljdsg8l42,96.81.52.113,,192.168.92.63,443,IPv4,TCP,0C0B3D21C2D5F6A72D882EB62F49DBFE20D2A63F,2018-05-27 21:45:00,/usr/sbin/httpd,/usr/sbin/httpd -DFOREGROUND
185946404262,o-3owubnjzljdsg8l42,96.81.52.113,,192.168.92.63,443,IPv4,TCP,0C0B3D21C2D5F6A72D882EB62F49DBFE20D2A63F,2018-05-27 22:45:00,/usr/sbin/httpd,/usr/sbin/httpd -DFOREGROUND
185946404262,o-3owubnjzljdsg8l42,173.164.34.41,,192.168.92.63,443,IPv4,TCP,0C0B3D21C2D5F6A72D882EB62F49DBFE20D2A63F,2018-05-27 22:45:00,/usr/sbin/httpd,/usr/sbin/httpd -DFOREGROUND
185946404262,o-3owubnjzljdsg8l42,96.81.52.113,,192.168.92.63,443,IPv4,TCP,0C0B3D21C2D5F6A72D882EB62F49DBFE20D2A63F,2018-05-27 23:30:00,/usr/sbin/httpd,/usr/sbin/httpd -DFOREGROUND
185946404262,o-3owubnjzljdsg8l42,173.164.34.41,,192.168.92.63,443,IPv4,TCP,0C0B3D21C2D5F6A72D882EB62F49DBFE20D2A63F,2018-05-27 23:00:00,/usr/sbin/httpd,/usr/sbin/httpd -DFOREGROUND
185946404262,o-3owubnjzljdsg8l42,96.81.52.113,,192.168.92.63,443,IPv4,TCP,0C0B3D21C2D5F6A72D882EB62F49DBFE20D2A63F,2018-05-28 00:15:00,/usr/sbin/httpd,/usr/sbin/httpd -DFOREGROUND
185946404262,o-3owubnjzljdsg8l42,173.164.34.41,,192.168.92.63,443,IPv4,TCP,0C0B3D21C2D5F6A72D882EB62F49DBFE20D2A63F,2018-05-27 23:45:00,/usr/sbin/httpd,/usr/sbin/httpd -DFOREGROUND
185946404262,o-3owubnjzljdsg8l42,173.164.34.41,,192.168.92.63,443,IPv4,TCP,0C0B3D21C2D5F6A72D882EB62F49DBFE20D2A63F,2018-05-28 00:00:00,/usr/sbin/httpd,/usr/sbin/httpd -DFOREGROUND
185946404262,o-3owubnjzljdsg8l42,173.164.34.41,,192.168.92.63,443,IPv4,TCP,0C0B3D21C2D5F6A72D882EB62F49DBFE20D2A63F,2018-05-28 00:45:00,/usr/sbin/httpd,/usr/sbin/httpd -DFOREGROUND
185946404262,o-3owubnjzljdsg8l42,96.81.52.113,,192.168.92.63,443,IPv4,TCP,0C0B3D21C2D5F6A72D882EB62F49DBFE20D2A63F,2018-05-28 01:00:00,/usr/sbin/httpd,/usr/sbin/httpd -DFOREGROUND
185946404262,o-3owubnjzljdsg8l42,173.164.34.41,,192.168.92.63,443,IPv4,TCP,0C0B3D21C2D5F6A72D882EB62F49DBFE20D2A63F,2018-05-28 01:00:00,/usr/sbin/httpd,/usr/sbin/httpd -DFOREGROUND
185946404262,o-3owubnjzljdsg8l42,96.81.52.113,,192.168.92.63,443,IPv4,TCP,0C0B3D21C2D5F6A72D882EB62F49DBFE20D2A63F,2018-05-28 01:45:00,/usr/sbin/httpd,/usr/sbin/httpd -DFOREGROUND
185946404262,o-3owubnjzljdsg8l42,173.164.34.41,,192.168.92.63,443,IPv4,TCP,0C0B3D21C2D5F6A72D882EB62F49DBFE20D2A63F,2018-05-28 01:45:00,/usr/sbin/httpd,/usr/sbin/httpd -DFOREGROUND
185946404262,o-3owubnjzljdsg8l42,96.81.52.113,,192.168.92.63,443,IPv4,TCP,0C0B3D21C2D5F6A72D882EB62F49DBFE20D2A63F,2018-05-28 02:15:00,/usr/sbin/httpd,/usr/sbin/httpd -DFOREGROUND
185946404262,o-3owubnjzljdsg8l42,96.81.52.113,,192.168.92.63,443,IPv4,TCP,0C0B3D21C2D5F6A72D882EB62F49DBFE20D2A63F,2018-05-28 02:00:00,/usr/sbin/httpd,/usr/sbin/httpd -DFOREGROUND
185946404262,o-3owubnjzljdsg8l42,96.81.52.113,,192.168.92.63,443,IPv4,TCP,0C0B3D21C2D5F6A72D882EB62F49DBFE20D2A63F,2018-05-28 03:15:00,/usr/sbin/httpd,/usr/sbin/httpd -DFOREGROUND
185946404262,o-3owubnjzljdsg8l42,96.81.52.113,,192.168.92.63,443,IPv4,TCP,0C0B3D21C2D5F6A72D882EB62F49DBFE20D2A63F,2018-05-28 03:00:00,/usr/sbin/httpd,/usr/sbin/httpd -DFOREGROUND
185946404262,o-3owubnjzljdsg8l42,173.164.34.41,,192.168.92.63,443,IPv4,TCP,0C0B3D21C2D5F6A72D882EB62F49DBFE20D2A63F,2018-05-28 03:15:00,/usr/sbin/httpd,/usr/sbin/httpd -DFOREGROUND
185946404262,o-3owubnjzljdsg8l42,173.164.34.41,,192.168.92.63,443,IPv4,TCP,0C0B3D21C2D5F6A72D882EB62F49DBFE20D2A63F,2018-05-28 03:00:00,/usr/sbin/httpd,/usr/sbin/httpd -DFOREGROUND
185946404262,o-3owubnjzljdsg8l42,173.164.34.41,,192.168.92.63,443,IPv4,TCP,0C0B3D21C2D5F6A72D882EB62F49DBFE20D2A63F,2018-05-28 02:30:00,/usr/sbin/httpd,/usr/sbin/httpd -DFOREGROUND
185946404262,o-3owubnjzljdsg8l42,96.81.52.113,,192.168.92.63,443,IPv4,TCP,0C0B3D21C2D5F6A72D882EB62F49DBFE20D2A63F,2018-05-28 02:45:00,/usr/sbin/httpd,/usr/sbin/httpd -DFOREGROUND
185946404262,o-3owubnjzljdsg8l42,173.164.34.41,,192.168.92.63,443,IPv4,TCP,0C0B3D21C2D5F6A72D882EB62F49DBFE20D2A63F,2018-05-28 04:15:00,/usr/sbin/httpd,/usr/sbin/httpd -DFOREGROUND
185946404262,o-3owubnjzljdsg8l42,96.81.52.113,,192.168.92.63,443,IPv4,TCP,0C0B3D21C2D5F6A72D882EB62F49DBFE20D2A63F,2018-05-28 04:00:00,/usr/sbin/httpd,/usr/sbin/httpd -DFOREGROUND
185946404262,o-3owubnjzljdsg8l42,96.81.52.113,,192.168.92.63,443,IPv4,TCP,0C0B3D21C2D5F6A72D882EB62F49DBFE20D2A63F,2018-05-28 03:45:00,/usr/sbin/httpd,/usr/sbin/httpd -DFOREGROUND
185946404262,o-3owubnjzljdsg8l42,96.81.52.113,,192.168.92.63,443,IPv4,TCP,0C0B3D21C2D5F6A72D882EB62F49DBFE20D2A63F,2018-05-28 04:45:00,/usr/sbin/httpd,/usr/sbin/httpd -DFOREGROUND
185946404262,o-3owubnjzljdsg8l42,173.164.34.41,,192.168.92.63,443,IPv4,TCP,0C0B3D21C2D5F6A72D882EB62F49DBFE20D2A63F,2018-05-28 05:15:00,/usr/sbin/httpd,/usr/sbin/httpd -DFOREGROUND
185946404262,o-3owubnjzljdsg8l42,96.81.52.113,,192.168.92.63,443,IPv4,TCP,0C0B3D21C2D5F6A72D882EB62F49DBFE20D2A63F,2018-05-28 06:15:00,/usr/sbin/httpd,/usr/sbin/httpd -DFOREGROUND
185946404262,o-3owubnjzljdsg8l42,173.164.34.41,,192.168.92.63,443,IPv4,TCP,0C0B3D21C2D5F6A72D882EB62F49DBFE20D2A63F,2018-05-28 06:15:00,/usr/sbin/httpd,/usr/sbin/httpd -DFOREGROUND
185946404262,o-3owubnjzljdsg8l42,96.81.52.113,,192.168.92.63,443,IPv4,TCP,0C0B3D21C2D5F6A72D882EB62F49DBFE20D2A63F,2018-05-28 05:45:00,/usr/sbin/httpd,/usr/sbin/httpd -DFOREGROUND
185946404262,o-3owubnjzljdsg8l42,31.24.141.110,,192.168.92.63,80,IPv4,TCP,0C0B3D21C2D5F6A72D882EB62F49DBFE20D2A63F,2018-05-28 06:00:00,/usr/sbin/httpd,/usr/sbin/httpd -DFOREGROUND
185946404262,o-3owubnjzljdsg8l42,96.81.52.113,,192.168.92.63,443,IPv4,TCP,0C0B3D21C2D5F6A72D882EB62F49DBFE20D2A63F,2018-05-28 06:00:00,/usr/sbin/httpd,/usr/sbin/httpd -DFOREGROUND
185946404262,o-3owubnjzljdsg8l42,173.164.34.41,,192.168.92.63,443,IPv4,TCP,0C0B3D21C2D5F6A72D882EB62F49DBFE20D2A63F,2018-05-28 06:00:00,/usr/sbin/httpd,/usr/sbin/httpd -DFOREGROUND
185946404262,o-3owubnjzljdsg8l42,173.164.34.41,,192.168.92.63,443,IPv4,TCP,0C0B3D21C2D5F6A72D882EB62F49DBFE20D2A63F,2018-05-28 07:15:00,/usr/sbin/httpd,/usr/sbin/httpd -DFOREGROUND
185946404262,o-3owubnjzljdsg8l42,96.81.52.113,,192.168.92.63,443,IPv4,TCP,0C0B3D21C2D5F6A72D882EB62F49DBFE20D2A63F,2018-05-28 07:00:00,/usr/sbin/httpd,/usr/sbin/httpd -DFOREGROUND
185946404262,o-3owubnjzljdsg8l42,173.164.34.41,,192.168.92.63,443,IPv4,TCP,0C0B3D21C2D5F6A72D882EB62F49DBFE20D2A63F,2018-05-28 07:00:00,/usr/sbin/httpd,/usr/sbin/httpd -DFOREGROUND
185946404262,o-3owubnjzljdsg8l42,96.81.52.113,,192.168.92.63,443,IPv4,TCP,0C0B3D21C2D5F6A72D882EB62F49DBFE20D2A63F,2018-05-28 06:45:00,/usr/sbin/httpd,/usr/sbin/httpd -DFOREGROUND
185946404262,o-3owubnjzljdsg8l42,173.164.34.41,,192.168.92.63,443,IPv4,TCP,0C0B3D21C2D5F6A72D882EB62F49DBFE20D2A63F,2018-05-28 08:15:00,/usr/sbin/httpd,/usr/sbin/httpd -DFOREGROUND
185946404262,o-3owubnjzljdsg8l42,96.81.52.113,,192.168.92.63,443,IPv4,TCP,0C0B3D21C2D5F6A72D882EB62F49DBFE20D2A63F,2018-05-28 08:30:00,/usr/sbin/httpd,/usr/sbin/httpd -DFOREGROUND
185946404262,o-3owubnjzljdsg8l42,173.164.34.41,,192.168.92.63,443,IPv4,TCP,0C0B3D21C2D5F6A72D882EB62F49DBFE20D2A63F,2018-05-28 08:00:00,/usr/sbin/httpd,/usr/sbin/httpd -DFOREGROUND
185946404262,o-3owubnjzljdsg8l42,96.81.52.113,,192.168.92.63,443,IPv4,TCP,0C0B3D21C2D5F6A72D882EB62F49DBFE20D2A63F,2018-05-28 07:45:00,/usr/sbin/httpd,/usr/sbin/httpd -DFOREGROUND
185946404262,o-3owubnjzljdsg8l42,173.164.34.41,,192.168.92.63,443,IPv4,TCP,0C0B3D21C2D5F6A72D882EB62F49DBFE20D2A63F,2018-05-28 09:15:00,/usr/sbin/httpd,/usr/sbin/httpd -DFOREGROUND
185946404262,o-3owubnjzljdsg8l42,96.81.52.113,,192.168.92.63,443,IPv4,TCP,0C0B3D21C2D5F6A72D882EB62F49DBFE20D2A63F,2018-05-28 09:30:00,/usr/sbin/httpd,/usr/sbin/httpd -DFOREGROUND
185946404262,o-3owubnjzljdsg8l42,173.164.34.41,,192.168.92.63,443,IPv4,TCP,0C0B3D21C2D5F6A72D882EB62F49DBFE20D2A63F,2018-05-28 09:30:00,/usr/sbin/httpd,/usr/sbin/httpd -DFOREGROUND
185946404262,o-3owubnjzljdsg8l42,96.81.52.113,,192.168.92.63,443,IPv4,TCP,0C0B3D21C2D5F6A72D882EB62F49DBFE20D2A63F,2018-05-28 08:45:00,/usr/sbin/httpd,/usr/sbin/httpd -DFOREGROUND
185946404262,o-3owubnjzljdsg8l42,96.81.52.113,,192.168.92.63,443,IPv4,TCP,0C0B3D21C2D5F6A72D882EB62F49DBFE20D2A63F,2018-05-28 09:00:00,/usr/sbin/httpd,/usr/sbin/httpd -DFOREGROUND
185946404262,o-3owubnjzljdsg8l42,173.164.34.41,,192.168.92.63,443,IPv4,TCP,0C0B3D21C2D5F6A72D882EB62F49DBFE20D2A63F,2018-05-28 10:15:00,/usr/sbin/httpd,/usr/sbin/httpd -DFOREGROUND
185946404262,o-3owubnjzljdsg8l42,96.81.52.113,,192.168.92.63,443,IPv4,TCP,0C0B3D21C2D5F6A72D882EB62F49DBFE20D2A63F,2018-05-28 10:00:00,/usr/sbin/httpd,/usr/sbin/httpd -DFOREGROUND
185946404262,o-3owubnjzljdsg8l42,96.81.52.113,,192.168.92.63,443,IPv4,TCP,0C0B3D21C2D5F6A72D882EB62F49DBFE20D2A63F,2018-05-28 09:45:00,/usr/sbin/httpd,/usr/sbin/httpd -DFOREGROUND
185946404262,o-3owubnjzljdsg8l42,96.81.52.113,,192.168.92.63,443,IPv4,TCP,0C0B3D21C2D5F6A72D882EB62F49DBFE20D2A63F,2018-05-28 10:30:00,/usr/sbin/httpd,/usr/sbin/httpd -DFOREGROUND
185946404262,o-3owubnjzljdsg8l42,96.81.52.113,,192.168.92.63,443,IPv4,TCP,0C0B3D21C2D5F6A72D882EB62F49DBFE20D2A63F,2018-05-28 10:45:00,/usr/sbin/httpd,/usr/sbin/httpd -DFOREGROUND
185946404262,o-3owubnjzljdsg8l42,96.81.52.113,,192.168.92.63,443,IPv4,TCP,0C0B3D21C2D5F6A72D882EB62F49DBFE20D2A63F,2018-05-28 11:15:00,/usr/sbin/httpd,/usr/sbin/httpd -DFOREGROUND
185946404262,o-3owubnjzljdsg8l42,173.164.34.41,,192.168.92.63,443,IPv4,TCP,0C0B3D21C2D5F6A72D882EB62F49DBFE20D2A63F,2018-05-28 11:15:00,/usr/sbin/httpd,/usr/sbin/httpd -DFOREGROUND
185946404262,o-3owubnjzljdsg8l42,173.164.34.41,,192.168.92.63,443,IPv4,TCP,0C0B3D21C2D5F6A72D882EB62F49DBFE20D2A63F,2018-05-28 11:30:00,/usr/sbin/httpd,/usr/sbin/httpd -DFOREGROUND
185946404262,o-3owubnjzljdsg8l42,222.187.220.247,,192.168.92.63,80,IPv4,TCP,0C0B3D21C2D5F6A72D882EB62F49DBFE20D2A63F,2018-05-28 11:00:00,/usr/sbin/httpd,/usr/sbin/httpd -DFOREGROUND
185946404262,o-3owubnjzljdsg8l42,96.81.52.113,,192.168.92.63,443,IPv4,TCP,0C0B3D21C2D5F6A72D882EB62F49DBFE20D2A63F,2018-05-28 11:45:00,/usr/sbin/httpd,/usr/sbin/httpd -DFOREGROUND
185946404262,o-3owubnjzljdsg8l42,96.81.52.113,,192.168.92.63,443,IPv4,TCP,0C0B3D21C2D5F6A72D882EB62F49DBFE20D2A63F,2018-05-28 12:00:00,/usr/sbin/httpd,/usr/sbin/httpd -DFOREGROUND
185946404262,o-3owubnjzljdsg8l42,96.81.52.113,,192.168.92.63,443,IPv4,TCP,0C0B3D21C2D5F6A72D882EB62F49DBFE20D2A63F,2018-05-28 12:15:00,/usr/sbin/httpd,/usr/sbin/httpd -DFOREGROUND
185946404262,o-3owubnjzljdsg8l42,173.164.34.41,,192.168.92.63,443,IPv4,TCP,0C0B3D21C2D5F6A72D882EB62F49DBFE20D2A63F,2018-05-28 13:30:00,/usr/sbin/httpd,/usr/sbin/httpd -DFOREGROUND
185946404262,o-3owubnjzljdsg8l42,173.164.34.41,,192.168.92.63,443,IPv4,TCP,0C0B3D21C2D5F6A72D882EB62F49DBFE20D2A63F,2018-05-28 12:30:00,/usr/sbin/httpd,/usr/sbin/httpd -DFOREGROUND
185946404262,o-3owubnjzljdsg8l42,96.81.52.113,,192.168.92.63,443,IPv4,TCP,0C0B3D21C2D5F6A72D882EB62F49DBFE20D2A63F,2018-05-28 13:00:00,/usr/sbin/httpd,/usr/sbin/httpd -DFOREGROUND
185946404262,o-3owubnjzljdsg8l42,173.164.34.41,,192.168.92.63,443,IPv4,TCP,0C0B3D21C2D5F6A72D882EB62F49DBFE20D2A63F,2018-05-28 12:45:00,/usr/sbin/httpd,/usr/sbin/httpd -DFOREGROUND
185946404262,o-3owubnjzljdsg8l42,96.81.52.113,,192.168.92.63,443,IPv4,TCP,0C0B3D21C2D5F6A72D882EB62F49DBFE20D2A63F,2018-05-28 13:15:00,/usr/sbin/httpd,/usr/sbin/httpd -DFOREGROUND
185946404262,o-3owubnjzljdsg8l42,173.164.34.41,,192.168.92.63,443,IPv4,TCP,0C0B3D21C2D5F6A72D882EB62F49DBFE20D2A63F,2018-05-28 13:45:00,/usr/sbin/httpd,/usr/sbin/httpd -DFOREGROUND
185946404262,o-3owubnjzljdsg8l42,202.53.137.73,,192.168.92.63,80,IPv4,TCP,0C0B3D21C2D5F6A72D882EB62F49DBFE20D2A63F,2018-05-28 14:15:00,/usr/sbin/httpd,/usr/sbin/httpd -DFOREGROUND
185946404262,o-3owubnjzljdsg8l42,96.81.52.113,,192.168.92.63,443,IPv4,TCP,0C0B3D21C2D5F6A72D882EB62F49DBFE20D2A63F,2018-05-28 14:15:00,/usr/sbin/httpd,/usr/sbin/httpd -DFOREGROUND
185946404262,o-3owubnjzljdsg8l42,173.164.34.41,,192.168.92.63,443,IPv4,TCP,0C0B3D21C2D5F6A72D882EB62F49DBFE20D2A63F,2018-05-28 14:15:00,/usr/sbin/httpd,/usr/sbin/httpd -DFOREGROUND
185946404262,o-3owubnjzljdsg8l42,96.81.52.113,,192.168.92.63,443,IPv4,TCP,0C0B3D21C2D5F6A72D882EB62F49DBFE20D2A63F,2018-05-28 14:30:00,/usr/sbin/httpd,/usr/sbin/httpd -DFOREGROUND
185946404262,o-3owubnjzljdsg8l42,173.164.34.41,,192.168.92.63,443,IPv4,TCP,0C0B3D21C2D5F6A72D882EB62F49DBFE20D2A63F,2018-05-28 14:30:00,/usr/sbin/httpd,/usr/sbin/httpd -DFOREGROUND
185946404262,o-3owubnjzljdsg8l42,37.192.103.164,,192.168.92.63,80,IPv4,TCP,0C0B3D21C2D5F6A72D882EB62F49DBFE20D2A63F,2018-05-28 14:45:00,/usr/sbin/httpd,/usr/sbin/httpd -DFOREGROUND
185946404262,o-3owubnjzljdsg8l42,173.164.34.41,,192.168.92.63,443,IPv4,TCP,0C0B3D21C2D5F6A72D882EB62F49DBFE20D2A63F,2018-05-28 14:45:00,/usr/sbin/httpd,/usr/sbin/httpd -DFOREGROUND
185946404262,o-3owubnjzljdsg8l42,74.82.47.3,,192.168.92.63,443,IPv4,TCP,0C0B3D21C2D5F6A72D882EB62F49DBFE20D2A63F,2018-05-28 15:15:00,/usr/sbin/httpd,/usr/sbin/httpd -DFOREGROUND
185946404262,o-3owubnjzljdsg8l42,96.81.52.113,,192.168.92.63,443,IPv4,TCP,0C0B3D21C2D5F6A72D882EB62F49DBFE20D2A63F,2018-05-28 15:15:00,/usr/sbin/httpd,/usr/sbin/httpd -DFOREGROUND
185946404262,o-3owubnjzljdsg8l42,173.164.34.41,,192.168.92.63,443,IPv4,TCP,0C0B3D21C2D5F6A72D882EB62F49DBFE20D2A63F,2018-05-28 15:15:00,/usr/sbin/httpd,/usr/sbin/httpd -DFOREGROUND
185946404262,o-3owubnjzljdsg8l42,96.81.52.113,,192.168.92.63,443,IPv4,TCP,0C0B3D21C2D5F6A72D882EB62F49DBFE20D2A63F,2018-05-28 16:15:00,/usr/sbin/httpd,/usr/sbin/httpd -DFOREGROUND
185946404262,o-3owubnjzljdsg8l42,96.81.52.113,,192.168.92.63,443,IPv4,TCP,0C0B3D21C2D5F6A72D882EB62F49DBFE20D2A63F,2018-05-28 16:00:00,/usr/sbin/httpd,/usr/sbin/httpd -DFOREGROUND
185946404262,o-3owubnjzljdsg8l42,96.81.52.113,,192.168.92.63,443,IPv4,TCP,0C0B3D21C2D5F6A72D882EB62F49DBFE20D2A63F,2018-05-28 15:45:00,/usr/sbin/httpd,/usr/sbin/httpd -DFOREGROUND
185946404262,o-3owubnjzljdsg8l42,173.164.34.41,,192.168.92.63,443,IPv4,TCP,0C0B3D21C2D5F6A72D882EB62F49DBFE20D2A63F,2018-05-28 15:45:00,/usr/sbin/httpd,/usr/sbin/httpd -DFOREGROUND
185946404262,o-3owubnjzljdsg8l42,96.81.52.113,,192.168.92.63,443,IPv4,TCP,0C0B3D21C2D5F6A72D882EB62F49DBFE20D2A63F,2018-05-28 17:00:00,/usr/sbin/httpd,/usr/sbin/httpd -DFOREGROUND
185946404262,o-3owubnjzljdsg8l42,173.164.34.41,,192.168.92.63,443,IPv4,TCP,0C0B3D21C2D5F6A72D882EB62F49DBFE20D2A63F,2018-05-28 16:30:00,/usr/sbin/httpd,/usr/sbin/httpd -DFOREGROUND
185946404262,o-3owubnjzljdsg8l42,96.81.52.113,,192.168.92.63,443,IPv4,TCP,0C0B3D21C2D5F6A72D882EB62F49DBFE20D2A63F,2018-05-28 16:45:00,/usr/sbin/httpd,/usr/sbin/httpd -DFOREGROUND
185946404262,o-3owubnjzljdsg8l42,173.164.34.41,,192.168.92.63,443,IPv4,TCP,0C0B3D21C2D5F6A72D882EB62F49DBFE20D2A63F,2018-05-28 16:45:00,/usr/sbin/httpd,/usr/sbin/httpd -DFOREGROUND
185946404262,o-3owubnjzljdsg8l42,96.81.52.113,,192.168.92.63,443,IPv4,TCP,0C0B3D21C2D5F6A72D882EB62F49DBFE20D2A63F,2018-05-28 17:30:00,/usr/sbin/httpd,/usr/sbin/httpd -DFOREGROUND
185946404262,o-3owubnjzljdsg8l42,173.164.34.41,,192.168.92.63,443,IPv4,TCP,0C0B3D21C2D5F6A72D882EB62F49DBFE20D2A63F,2018-05-28 17:30:00,/usr/sbin/httpd,/usr/sbin/httpd -DFOREGROUND
185946404262,o-3owubnjzljdsg8l42,173.164.34.41,,192.168.92.63,443,IPv4,TCP,0C0B3D21C2D5F6A72D882EB62F49DBFE20D2A63F,2018-05-28 18:15:00,/usr/sbin/httpd,/usr/sbin/httpd -DFOREGROUND
185946404262,o-3owubnjzljdsg8l42,96.81.52.113,,192.168.92.63,443,IPv4,TCP,0C0B3D21C2D5F6A72D882EB62F49DBFE20D2A63F,2018-05-28 18:30:00,/usr/sbin/httpd,/usr/sbin/httpd -DFOREGROUND
185946404262,o-3owubnjzljdsg8l42,96.81.52.113,,192.168.92.63,443,IPv4,TCP,0C0B3D21C2D5F6A72D882EB62F49DBFE20D2A63F,2018-05-28 18:00:00,/usr/sbin/httpd,/usr/sbin/httpd -DFOREGROUND
185946404262,o-3owubnjzljdsg8l42,96.81.52.113,,192.168.92.63,443,IPv4,TCP,0C0B3D21C2D5F6A72D882EB62F49DBFE20D2A63F,2018-05-28 17:45:00,/usr/sbin/httpd,/usr/sbin/httpd -DFOREGROUND
185946404262,o-3owubnjzljdsg8l42,96.81.52.113,,192.168.92.63,443,IPv4,TCP,0C0B3D21C2D5F6A72D882EB62F49DBFE20D2A63F,2018-05-28 19:15:00,/usr/sbin/httpd,/usr/sbin/httpd -DFOREGROUND
185946404262,o-3owubnjzljdsg8l42,173.164.34.41,,192.168.92.63,443,IPv4,TCP,0C0B3D21C2D5F6A72D882EB62F49DBFE20D2A63F,2018-05-28 19:15:00,/usr/sbin/httpd,/usr/sbin/httpd -DFOREGROUND
185946404262,o-3owubnjzljdsg8l42,96.81.52.113,,192.168.92.63,443,IPv4,TCP,0C0B3D21C2D5F6A72D882EB62F49DBFE20D2A63F,2018-05-28 18:45:00,/usr/sbin/httpd,/usr/sbin/httpd -DFOREGROUND
185946404262,o-3owubnjzljdsg8l42,96.81.52.113,,192.168.92.63,443,IPv4,TCP,0C0B3D21C2D5F6A72D882EB62F49DBFE20D2A63F,2018-05-28 19:30:00,/usr/sbin/httpd,/usr/sbin/httpd -DFOREGROUND
185946404262,o-3owubnjzljdsg8l42,173.164.34.41,,192.168.92.63,443,IPv4,TCP,0C0B3D21C2D5F6A72D882EB62F49DBFE20D2A63F,2018-05-28 19:30:00,/usr/sbin/httpd,/usr/sbin/httpd -DFOREGROUND
185946404262,o-3owubnjzljdsg8l42,104.245.98.65,,192.168.92.63,80,IPv4,TCP,0C0B3D21C2D5F6A72D882EB62F49DBFE20D2A63F,2018-05-28 20:15:00,/usr/sbin/httpd,/usr/sbin/httpd -DFOREGROUND
185946404262,o-3owubnjzljdsg8l42,96.81.52.113,,192.168.92.63,443,IPv4,TCP,0C0B3D21C2D5F6A72D882EB62F49DBFE20D2A63F,2018-05-28 20:15:00,/usr/sbin/httpd,/usr/sbin/httpd -DFOREGROUND
185946404262,o-3owubnjzljdsg8l42,104.245.98.65,,192.168.92.63,443,IPv4,TCP,0C0B3D21C2D5F6A72D882EB62F49DBFE20D2A63F,2018-05-28 20:15:00,/usr/sbin/httpd,/usr/sbin/httpd -DFOREGROUND
185946404262,o-3owubnjzljdsg8l42,173.164.34.41,,192.168.92.63,443,IPv4,TCP,0C0B3D21C2D5F6A72D882EB62F49DBFE20D2A63F,2018-05-28 20:15:00,/usr/sbin/httpd,/usr/sbin/httpd -DFOREGROUND
185946404262,o-3owubnjzljdsg8l42,96.81.52.113,,192.168.92.63,443,IPv4,TCP,0C0B3D21C2D5F6A72D882EB62F49DBFE20D2A63F,2018-05-28 21:30:00,/usr/sbin/httpd,/usr/sbin/httpd -DFOREGROUND
185946404262,o-3owubnjzljdsg8l42,173.164.34.41,,192.168.92.63,443,IPv4,TCP,0C0B3D21C2D5F6A72D882EB62F49DBFE20D2A63F,2018-05-28 21:30:00,/usr/sbin/httpd,/usr/sbin/httpd -DFOREGROUND
185946404262,o-3owubnjzljdsg8l42,96.81.52.113,,192.168.92.63,443,IPv4,TCP,0C0B3D21C2D5F6A72D882EB62F49DBFE20D2A63F,2018-05-28 21:15:00,/usr/sbin/httpd,/usr/sbin/httpd -DFOREGROUND
185946404262,o-3owubnjzljdsg8l42,96.81.52.113,,192.168.92.63,443,IPv4,TCP,0C0B3D21C2D5F6A72D882EB62F49DBFE20D2A63F,2018-05-28 20:45:00,/usr/sbin/httpd,/usr/sbin/httpd -DFOREGROUND
185946404262,o-3owubnjzljdsg8l42,173.164.34.41,,192.168.92.63,443,IPv4,TCP,0C0B3D21C2D5F6A72D882EB62F49DBFE20D2A63F,2018-05-28 20:45:00,/usr/sbin/httpd,/usr/sbin/httpd -DFOREGROUND
185946404262,o-3owubnjzljdsg8l42,96.81.52.113,,192.168.92.63,443,IPv4,TCP,0C0B3D21C2D5F6A72D882EB62F49DBFE20D2A63F,2018-05-28 22:30:00,/usr/sbin/httpd,/usr/sbin/httpd -DFOREGROUND
185946404262,o-3owubnjzljdsg8l42,96.81.52.113,,192.168.92.63,443,IPv4,TCP,0C0B3D21C2D5F6A72D882EB62F49DBFE20D2A63F,2018-05-28 21:45:00,/usr/sbin/httpd,/usr/sbin/httpd -DFOREGROUND
185946404262,o-3owubnjzljdsg8l42,173.164.34.41,,192.168.92.63,443,IPv4,TCP,0C0B3D21C2D5F6A72D882EB62F49DBFE20D2A63F,2018-05-28 22:00:00,/usr/sbin/httpd,/usr/sbin/httpd -DFOREGROUND
185946404262,o-3owubnjzljdsg8l42,66.249.65.73,,192.168.92.63,443,IPv4,TCP,0C0B3D21C2D5F6A72D882EB62F49DBFE20D2A63F,2018-05-28 23:15:00,/usr/sbin/httpd,/usr/sbin/httpd -DFOREGROUND
185946404262,o-3owubnjzljdsg8l42,96.81.52.113,,192.168.92.63,443,IPv4,TCP,0C0B3D21C2D5F6A72D882EB62F49DBFE20D2A63F,2018-05-28 23:15:00,/usr/sbin/httpd,/usr/sbin/httpd -DFOREGROUND
185946404262,o-3owubnjzljdsg8l42,173.164.34.41,,192.168.92.63,443,IPv4,TCP,0C0B3D21C2D5F6A72D882EB62F49DBFE20D2A63F,2018-05-28 23:15:00,/usr/sbin/httpd,/usr/sbin/httpd -DFOREGROUND
185946404262,o-3owubnjzljdsg8l42,96.81.52.113,,192.168.92.63,443,IPv4,TCP,0C0B3D21C2D5F6A72D882EB62F49DBFE20D2A63F,2018-05-28 22:45:00,/usr/sbin/httpd,/usr/sbin/httpd -DFOREGROUND
185946404262,o-3owubnjzljdsg8l42,96.81.52.113,,192.168.92.63,443,IPv4,TCP,0C0B3D21C2D5F6A72D882EB62F49DBFE20D2A63F,2018-05-28 23:30:00,/usr/sbin/httpd,/usr/sbin/httpd -DFOREGROUND
185946404262,o-3owubnjzljdsg8l42,173.164.34.41,,192.168.92.63,443,IPv4,TCP,0C0B3D21C2D5F6A72D882EB62F49DBFE20D2A63F,2018-05-28 23:30:00,/usr/sbin/httpd,/usr/sbin/httpd -DFOREGROUND
185946404262,o-3owubnjzljdsg8l42,96.81.52.113,,192.168.92.63,443,IPv4,TCP,0C0B3D21C2D5F6A72D882EB62F49DBFE20D2A63F,2018-05-29 00:15:00,/usr/sbin/httpd,/usr/sbin/httpd -DFOREGROUND
185946404262,o-3owubnjzljdsg8l42,154.47.32.66,,192.168.92.63,443,IPv4,TCP,0C0B3D21C2D5F6A72D882EB62F49DBFE20D2A63F,2018-05-29 00:15:00,/usr/sbin/httpd,/usr/sbin/httpd -DFOREGROUND
185946404262,o-3owubnjzljdsg8l42,173.164.34.41,,192.168.92.63,443,IPv4,TCP,0C0B3D21C2D5F6A72D882EB62F49DBFE20D2A63F,2018-05-29 00:15:00,/usr/sbin/httpd,/usr/sbin/httpd -DFOREGROUND
185946404262,o-3owubnjzljdsg8l42,96.81.52.113,,192.168.92.63,443,IPv4,TCP,0C0B3D21C2D5F6A72D882EB62F49DBFE20D2A63F,2018-05-29 01:30:00,/usr/sbin/httpd,/usr/sbin/httpd -DFOREGROUND
185946404262,o-3owubnjzljdsg8l42,173.164.34.41,,192.168.92.63,443,IPv4,TCP,0C0B3D21C2D5F6A72D882EB62F49DBFE20D2A63F,2018-05-29 01:30:00,/usr/sbin/httpd,/usr/sbin/httpd -DFOREGROUND
185946404262,o-3owubnjzljdsg8l42,173.164.34.41,,192.168.92.63,443,IPv4,TCP,0C0B3D21C2D5F6A72D882EB62F49DBFE20D2A63F,2018-05-29 00:30:00,/usr/sbin/httpd,/usr/sbin/httpd -DFOREGROUND
185946404262,o-3owubnjzljdsg8l42,96.81.52.113,,192.168.92.63,443,IPv4,TCP,0C0B3D21C2D5F6A72D882EB62F49DBFE20D2A63F,2018-05-29 00:45:00,/usr/sbin/httpd,/usr/sbin/httpd -DFOREGROUND
185946404262,o-3owubnjzljdsg8l42,96.81.52.113,,192.168.92.63,443,IPv4,TCP,0C0B3D21C2D5F6A72D882EB62F49DBFE20D2A63F,2018-05-29 01:15:00,/usr/sbin/httpd,/usr/sbin/httpd -DFOREGROUND
185946404262,o-3owubnjzljdsg8l42,173.164.34.41,,192.168.92.63,443,IPv4,TCP,0C0B3D21C2D5F6A72D882EB62F49DBFE20D2A63F,2018-05-29 01:15:00,/usr/sbin/httpd,/usr/sbin/httpd -DFOREGROUND
185946404262,o-3owubnjzljdsg8l42,96.81.52.113,,192.168.92.63,443,IPv4,TCP,0C0B3D21C2D5F6A72D882EB62F49DBFE20D2A63F,2018-05-29 02:15:00,/usr/sbin/httpd,/usr/sbin/httpd -DFOREGROUND
185946404262,o-3owubnjzljdsg8l42,173.164.34.41,,192.168.92.63,443,IPv4,TCP,0C0B3D21C2D5F6A72D882EB62F49DBFE20D2A63F,2018-05-29 02:15:00,/usr/sbin/httpd,/usr/sbin/httpd -DFOREGROUND
185946404262,o-3owubnjzljdsg8l42,96.81.52.113,,192.168.92.63,443,IPv4,TCP,0C0B3D21C2D5F6A72D882EB62F49DBFE20D2A63F,2018-05-29 03:15:00,/usr/sbin/httpd,/usr/sbin/httpd -DFOREGROUND
185946404262,o-3owubnjzljdsg8l42,96.81.52.113,,192.168.92.63,443,IPv4,TCP,0C0B3D21C2D5F6A72D882EB62F49DBFE20D2A63F,2018-05-29 03:30:00,/usr/sbin/httpd,/usr/sbin/httpd -DFOREGROUND
185946404262,o-3owubnjzljdsg8l42,173.164.34.41,,192.168.92.63,443,IPv4,TCP,0C0B3D21C2D5F6A72D882EB62F49DBFE20D2A63F,2018-05-29 03:30:00,/usr/sbin/httpd,/usr/sbin/httpd -DFOREGROUND
185946404262,o-3owubnjzljdsg8l42,173.164.34.41,,192.168.92.63,443,IPv4,TCP,0C0B3D21C2D5F6A72D882EB62F49DBFE20D2A63F,2018-05-29 02:30:00,/usr/sbin/httpd,/usr/sbin/httpd -DFOREGROUND
185946404262,o-3owubnjzljdsg8l42,173.164.34.41,,192.168.92.63,443,IPv4,TCP,0C0B3D21C2D5F6A72D882EB62F49DBFE20D2A63F,2018-05-29 03:45:00,/usr/sbin/httpd,/usr/sbin/httpd -DFOREGROUND
185946404262,o-3owubnjzljdsg8l42,96.81.52.113,,192.168.92.63,443,IPv4,TCP,0C0B3D21C2D5F6A72D882EB62F49DBFE20D2A63F,2018-05-29 04:00:00,/usr/sbin/httpd,/usr/sbin/httpd -DFOREGROUND
185946404262,o-3owubnjzljdsg8l42,173.164.34.41,,192.168.92.63,443,IPv4,TCP,0C0B3D21C2D5F6A72D882EB62F49DBFE20D2A63F,2018-05-29 04:30:00,/usr/sbin/httpd,/usr/sbin/httpd -DFOREGROUND
185946404262,o-3owubnjzljdsg8l42,96.81.52.113,,192.168.92.63,443,IPv4,TCP,0C0B3D21C2D5F6A72D882EB62F49DBFE20D2A63F,2018-05-29 04:45:00,/usr/sbin/httpd,/usr/sbin/httpd -DFOREGROUND
185946404262,o-3owubnjzljdsg8l42,173.164.34.41,,192.168.92.63,443,IPv4,TCP,0C0B3D21C2D5F6A72D882EB62F49DBFE20D2A63F,2018-05-29 04:45:00,/usr/sbin/httpd,/usr/sbin/httpd -DFOREGROUND
185946404262,o-3owubnjzljdsg8l42,96.81.52.113,,192.168.92.63,443,IPv4,TCP,0C0B3D21C2D5F6A72D882EB62F49DBFE20D2A63F,2018-05-29 05:30:00,/usr/sbin/httpd,/usr/sbin/httpd -DFOREGROUND
185946404262,o-3owubnjzljdsg8l42,173.164.34.41,,192.168.92.63,443,IPv4,TCP,0C0B3D21C2D5F6A72D882EB62F49DBFE20D2A63F,2018-05-29 05:30:00,/usr/sbin/httpd,/usr/sbin/httpd -DFOREGROUND
185946404262,o-3owubnjzljdsg8l42,173.164.34.41,,192.168.92.63,443,IPv4,TCP,0C0B3D21C2D5F6A72D882EB62F49DBFE20D2A63F,2018-05-29 05:15:00,/usr/sbin/httpd,/usr/sbin/httpd -DFOREGROUND
185946404262,o-3owubnjzljdsg8l42,96.81.52.113,,192.168.92.63,443,IPv4,TCP,0C0B3D21C2D5F6A72D882EB62F49DBFE20D2A63F,2018-05-29 06:00:00,/usr/sbin/httpd,/usr/sbin/httpd -DFOREGROUND
185946404262,o-3owubnjzljdsg8l42,96.81.52.113,,192.168.92.63,443,IPv4,TCP,0C0B3D21C2D5F6A72D882EB62F49DBFE20D2A63F,2018-05-29 05:45:00,/usr/sbin/httpd,/usr/sbin/httpd -DFOREGROUND
185946404262,o-3owubnjzljdsg8l42,96.81.52.113,,192.168.92.63,443,IPv4,TCP,0C0B3D21C2D5F6A72D882EB62F49DBFE20D2A63F,2018-05-29 06:15:00,/usr/sbin/httpd,/usr/sbin/httpd -DFOREGROUND
185946404262,o-3owubnjzljdsg8l42,35.198.110.72,,192.168.92.63,80,IPv4,TCP,0C0B3D21C2D5F6A72D882EB62F49DBFE20D2A63F,2018-05-29 06:30:00,/usr/sbin/httpd,/usr/sbin/httpd -DFOREGROUND
185946404262,o-3owubnjzljdsg8l42,96.81.52.113,,192.168.92.63,443,IPv4,TCP,0C0B3D21C2D5F6A72D882EB62F49DBFE20D2A63F,2018-05-29 06:30:00,/usr/sbin/httpd,/usr/sbin/httpd -DFOREGROUND
185946404262,o-3owubnjzljdsg8l42,173.164.34.41,,192.168.92.63,443,IPv4,TCP,0C0B3D21C2D5F6A72D882EB62F49DBFE20D2A63F,2018-05-29 06:30:00,/usr/sbin/httpd,/usr/sbin/httpd -DFOREGROUND
185946404262,o-3owubnjzljdsg8l42,193.112.81.81,,192.168.92.63,80,IPv4,TCP,0C0B3D21C2D5F6A72D882EB62F49DBFE20D2A63F,2018-05-29 07:00:00,/usr/sbin/httpd,/usr/sbin/httpd -DFOREGROUND
185946404262,o-3owubnjzljdsg8l42,66.249.65.73,,192.168.92.63,443,IPv4,TCP,0C0B3D21C2D5F6A72D882EB62F49DBFE20D2A63F,2018-05-29 07:00:00,/usr/sbin/httpd,/usr/sbin/httpd -DFOREGROUND
185946404262,o-3owubnjzljdsg8l42,96.81.52.113,,192.168.92.63,443,IPv4,TCP,0C0B3D21C2D5F6A72D882EB62F49DBFE20D2A63F,2018-05-29 07:00:00,/usr/sbin/httpd,/usr/sbin/httpd -DFOREGROUND
185946404262,o-3owubnjzljdsg8l42,96.81.52.113,,192.168.92.63,443,IPv4,TCP,0C0B3D21C2D5F6A72D882EB62F49DBFE20D2A63F,2018-05-29 07:30:00,/usr/sbin/httpd,/usr/sbin/httpd -DFOREGROUND
185946404262,o-3owubnjzljdsg8l42,173.164.34.41,,192.168.92.63,443,IPv4,TCP,0C0B3D21C2D5F6A72D882EB62F49DBFE20D2A63F,2018-05-29 07:30:00,/usr/sbin/httpd,/usr/sbin/httpd -DFOREGROUND
185946404262,o-3owubnjzljdsg8l42,96.81.52.113,,192.168.92.63,443,IPv4,TCP,0C0B3D21C2D5F6A72D882EB62F49DBFE20D2A63F,2018-05-29 06:45:00,/usr/sbin/httpd,/usr/sbin/httpd -DFOREGROUND
185946404262,o-3owubnjzljdsg8l42,173.164.34.41,,192.168.92.63,443,IPv4,TCP,0C0B3D21C2D5F6A72D882EB62F49DBFE20D2A63F,2018-05-29 06:45:00,/usr/sbin/httpd,/usr/sbin/httpd -DFOREGROUND
185946404262,o-3owubnjzljdsg8l42,173.164.34.41,,192.168.92.63,443,IPv4,TCP,0C0B3D21C2D5F6A72D882EB62F49DBFE20D2A63F,2018-05-29 07:15:00,/usr/sbin/httpd,/usr/sbin/httpd -DFOREGROUND
185946404262,o-3owubnjzljdsg8l42,66.249.73.24,,192.168.92.63,443,IPv4,TCP,0C0B3D21C2D5F6A72D882EB62F49DBFE20D2A63F,2018-05-29 08:00:00,/usr/sbin/httpd,/usr/sbin/httpd -DFOREGROUND
185946404262,o-3owubnjzljdsg8l42,66.249.73.25,,192.168.92.63,443,IPv4,TCP,0C0B3D21C2D5F6A72D882EB62F49DBFE20D2A63F,2018-05-29 08:00:00,/usr/sbin/httpd,/usr/sbin/httpd -DFOREGROUND
185946404262,o-3owubnjzljdsg8l42,66.249.73.26,,192.168.92.63,443,IPv4,TCP,0C0B3D21C2D5F6A72D882EB62F49DBFE20D2A63F,2018-05-29 08:00:00,/usr/sbin/httpd,/usr/sbin/httpd -DFOREGROUND
185946404262,o-3owubnjzljdsg8l42,96.81.52.113,,192.168.92.63,443,IPv4,TCP,0C0B3D21C2D5F6A72D882EB62F49DBFE20D2A63F,2018-05-29 08:00:00,/usr/sbin/httpd,/usr/sbin/httpd -DFOREGROUND
185946404262,o-3owubnjzljdsg8l42,173.164.34.41,,192.168.92.63,443,IPv4,TCP,0C0B3D21C2D5F6A72D882EB62F49DBFE20D2A63F,2018-05-29 08:00:00,/usr/sbin/httpd,/usr/sbin/httpd -DFOREGROUND
185946404262,o-3owubnjzljdsg8l42,96.81.52.113,,192.168.92.63,443,IPv4,TCP,0C0B3D21C2D5F6A72D882EB62F49DBFE20D2A63F,2018-05-29 08:15:00,/usr/sbin/httpd,/usr/sbin/httpd -DFOREGROUND
185946404262,o-3owubnjzljdsg8l42,96.81.52.113,,192.168.92.63,443,IPv4,TCP,0C0B3D21C2D5F6A72D882EB62F49DBFE20D2A63F,2018-05-29 07:45:00,/usr/sbin/httpd,/usr/sbin/httpd -DFOREGROUND
185946404262,o-3owubnjzljdsg8l42,173.164.34.41,,192.168.92.63,443,IPv4,TCP,0C0B3D21C2D5F6A72D882EB62F49DBFE20D2A63F,2018-05-29 08:30:00,/usr/sbin/httpd,/usr/sbin/httpd -DFOREGROUND
185946404262,o-3owubnjzljdsg8l42,96.81.52.113,,192.168.92.63,443,IPv4,TCP,0C0B3D21C2D5F6A72D882EB62F49DBFE20D2A63F,2018-05-29 09:00:00,/usr/sbin/httpd,/usr/sbin/httpd -DFOREGROUND
185946404262,o-3owubnjzljdsg8l42,66.249.65.78,,192.168.92.63,80,IPv4,TCP,0C0B3D21C2D5F6A72D882EB62F49DBFE20D2A63F,2018-05-29 08:45:00,/usr/sbin/httpd,/usr/sbin/httpd -DFOREGROUND
185946404262,o-3owubnjzljdsg8l42,66.249.65.71,,192.168.92.63,443,IPv4,TCP,0C0B3D21C2D5F6A72D882EB62F49DBFE20D2A63F,2018-05-29 08:45:00,/usr/sbin/httpd,/usr/sbin/httpd -DFOREGROUND
185946404262,o-3owubnjzljdsg8l42,66.249.65.75,,192.168.92.63,443,IPv4,TCP,0C0B3D21C2D5F6A72D882EB62F49DBFE20D2A63F,2018-05-29 08:45:00,/usr/sbin/httpd,/usr/sbin/httpd -DFOREGROUND
185946404262,o-3owubnjzljdsg8l42,96.81.52.113,,192.168.92.63,443,IPv4,TCP,0C0B3D21C2D5F6A72D882EB62F49DBFE20D2A63F,2018-05-29 08:45:00,/usr/sbin/httpd,/usr/sbin/httpd -DFOREGROUND
185946404262,o-3owubnjzljdsg8l42,173.164.34.41,,192.168.92.63,443,IPv4,TCP,0C0B3D21C2D5F6A72D882EB62F49DBFE20D2A63F,2018-05-29 08:45:00,/usr/sbin/httpd,/usr/sbin/httpd -DFOREGROUND
185946404262,o-3owubnjzljdsg8l42,96.81.52.113,,192.168.92.63,443,IPv4,TCP,0C0B3D21C2D5F6A72D882EB62F49DBFE20D2A63F,2018-05-29 09:15:00,/usr/sbin/httpd,/usr/sbin/httpd -DFOREGROUND
185946404262,o-3owubnjzljdsg8l42,173.164.34.41,,192.168.92.63,443,IPv4,TCP,0C0B3D21C2D5F6A72D882EB62F49DBFE20D2A63F,2018-05-29 09:15:00,/usr/sbin/httpd,/usr/sbin/httpd -DFOREGROUND
185946404262,o-3owubnjzljdsg8l42,96.81.52.113,,192.168.92.63,443,IPv4,TCP,0C0B3D21C2D5F6A72D882EB62F49DBFE20D2A63F,2018-05-29 10:15:00,/usr/sbin/httpd,/usr/sbin/httpd -DFOREGROUND
185946404262,o-3owubnjzljdsg8l42,173.164.34.41,,192.168.92.63,443,IPv4,TCP,0C0B3D21C2D5F6A72D882EB62F49DBFE20D2A63F,2018-05-29 10:15:00,/usr/sbin/httpd,/usr/sbin/httpd -DFOREGROUND
185946404262,o-3owubnjzljdsg8l42,66.249.65.71,,192.168.92.63,443,IPv4,TCP,0C0B3D21C2D5F6A72D882EB62F49DBFE20D2A63F,2018-05-29 10:00:00,/usr/sbin/httpd,/usr/sbin/httpd -DFOREGROUND
185946404262,o-3owubnjzljdsg8l42,96.81.52.113,,192.168.92.63,443,IPv4,TCP,0C0B3D21C2D5F6A72D882EB62F49DBFE20D2A63F,2018-05-29 10:00:00,/usr/sbin/httpd,/usr/sbin/httpd -DFOREGROUND
185946404262,o-3owubnjzljdsg8l42,173.164.34.41,,192.168.92.63,443,IPv4,TCP,0C0B3D21C2D5F6A72D882EB62F49DBFE20D2A63F,2018-05-29 10:00:00,/usr/sbin/httpd,/usr/sbin/httpd -DFOREGROUND
185946404262,o-3owubnjzljdsg8l42,96.81.52.113,,192.168.92.63,443,IPv4,TCP,0C0B3D21C2D5F6A72D882EB62F49DBFE20D2A63F,2018-05-29 11:30:00,/usr/sbin/httpd,/usr/sbin/httpd -DFOREGROUND
185946404262,o-3owubnjzljdsg8l42,96.81.52.113,,192.168.92.63,443,IPv4,TCP,0C0B3D21C2D5F6A72D882EB62F49DBFE20D2A63F,2018-05-29 11:15:00,/usr/sbin/httpd,/usr/sbin/httpd -DFOREGROUND
185946404262,o-3owubnjzljdsg8l42,107.170.228.236,,192.168.92.63,80,IPv4,TCP,0C0B3D21C2D5F6A72D882EB62F49DBFE20D2A63F,2018-05-29 10:45:00,/usr/sbin/httpd,/usr/sbin/httpd -DFOREGROUND
185946404262,o-3owubnjzljdsg8l42,173.164.34.41,,192.168.92.63,443,IPv4,TCP,0C0B3D21C2D5F6A72D882EB62F49DBFE20D2A63F,2018-05-29 10:45:00,/usr/sbin/httpd,/usr/sbin/httpd -DFOREGROUND
185946404262,o-3owubnjzljdsg8l42,173.164.34.41,,192.168.92.63,443,IPv4,TCP,0C0B3D21C2D5F6A72D882EB62F49DBFE20D2A63F,2018-05-29 11:00:00,/usr/sbin/httpd,/usr/sbin/httpd -DFOREGROUND
185946404262,o-3owubnjzljdsg8l42,173.164.34.41,,192.168.92.63,443,IPv4,TCP,0C0B3D21C2D5F6A72D882EB62F49DBFE20D2A63F,2018-05-29 11:45:00,/usr/sbin/httpd,/usr/sbin/httpd -DFOREGROUND
185946404262,o-3owubnjzljdsg8l42,66.249.73.17,,192.168.92.63,80,IPv4,TCP,0C0B3D21C2D5F6A72D882EB62F49DBFE20D2A63F,2018-05-29 12:15:00,/usr/sbin/httpd,/usr/sbin/httpd -DFOREGROUND
185946404262,o-3owubnjzljdsg8l42,66.249.73.24,,192.168.92.63,443,IPv4,TCP,0C0B3D21C2D5F6A72D882EB62F49DBFE20D2A63F,2018-05-29 12:15:00,/usr/sbin/httpd,/usr/sbin/httpd -DFOREGROUND
185946404262,o-3owubnjzljdsg8l42,96.81.52.113,,192.168.92.63,443,IPv4,TCP,0C0B3D21C2D5F6A72D882EB62F49DBFE20D2A63F,2018-05-29 12:15:00,/usr/sbin/httpd,/usr/sbin/httpd -DFOREGROUND
185946404262,o-3owubnjzljdsg8l42,96.81.52.113,,192.168.92.63,443,IPv4,TCP,0C0B3D21C2D5F6A72D882EB62F49DBFE20D2A63F,2018-05-29 13:30:00,/usr/sbin/httpd,/usr/sbin/httpd -DFOREGROUND
185946404262,o-3owubnjzljdsg8l42,173.164.34.41,,192.168.92.63,443,IPv4,TCP,0C0B3D21C2D5F6A72D882EB62F49DBFE20D2A63F,2018-05-29 13:30:00,/usr/sbin/httpd,/usr/sbin/httpd -DFOREGROUND
185946404262,o-3owubnjzljdsg8l42,96.81.52.113,,192.168.92.63,443,IPv4,TCP,0C0B3D21C2D5F6A72D882EB62F49DBFE20D2A63F,2018-05-29 13:15:00,/usr/sbin/httpd,/usr/sbin/httpd -DFOREGROUND
185946404262,o-3owubnjzljdsg8l42,173.164.34.41,,192.168.92.63,443,IPv4,TCP,0C0B3D21C2D5F6A72D882EB62F49DBFE20D2A63F,2018-05-29 12:30:00,/usr/sbin/httpd,/usr/sbin/httpd -DFOREGROUND
185946404262,o-3owubnjzljdsg8l42,66.249.65.76,,192.168.92.63,80,IPv4,TCP,0C0B3D21C2D5F6A72D882EB62F49DBFE20D2A63F,2018-05-29 12:45:00,/usr/sbin/httpd,/usr/sbin/httpd -DFOREGROUND
185946404262,o-3owubnjzljdsg8l42,66.249.65.71,,192.168.92.63,443,IPv4,TCP,0C0B3D21C2D5F6A72D882EB62F49DBFE20D2A63F,2018-05-29 12:45:00,/usr/sbin/httpd,/usr/sbin/httpd -DFOREGROUND
185946404262,o-3owubnjzljdsg8l42,66.249.65.73,,192.168.92.63,443,IPv4,TCP,0C0B3D21C2D5F6A72D882EB62F49DBFE20D2A63F,2018-05-29 12:45:00,/usr/sbin/httpd,/usr/sbin/httpd -DFOREGROUND
185946404262,o-3owubnjzljdsg8l42,173.164.34.41,,192.168.92.63,443,IPv4,TCP,0C0B3D21C2D5F6A72D882EB62F49DBFE20D2A63F,2018-05-29 14:00:00,/usr/sbin/httpd,/usr/sbin/httpd -DFOREGROUND
185946404262,o-3owubnjzljdsg8l42,66.249.73.17,,192.168.92.63,80,IPv4,TCP,0C0B3D21C2D5F6A72D882EB62F49DBFE20D2A63F,2018-05-29 14:15:00,/usr/sbin/httpd,/usr/sbin/httpd -DFOREGROUND
185946404262,o-3owubnjzljdsg8l42,66.249.73.25,,192.168.92.63,443,IPv4,TCP,0C0B3D21C2D5F6A72D882EB62F49DBFE20D2A63F,2018-05-29 14:15:00,/usr/sbin/httpd,/usr/sbin/httpd -DFOREGROUND
185946404262,o-3owubnjzljdsg8l42,66.249.73.26,,192.168.92.63,443,IPv4,TCP,0C0B3D21C2D5F6A72D882EB62F49DBFE20D2A63F,2018-05-29 14:15:00,/usr/sbin/httpd,/usr/sbin/httpd -DFOREGROUND
185946404262,o-3owubnjzljdsg8l42,96.81.52.113,,192.168.92.63,443,IPv4,TCP,0C0B3D21C2D5F6A72D882EB62F49DBFE20D2A63F,2018-05-29 14:15:00,/usr/sbin/httpd,/usr/sbin/httpd -DFOREGROUND
185946404262,o-3owubnjzljdsg8l42,173.164.34.41,,192.168.92.63,443,IPv4,TCP,0C0B3D21C2D5F6A72D882EB62F49DBFE20D2A63F,2018-05-29 15:00:00,/usr/sbin/httpd,/usr/sbin/httpd -DFOREGROUND
185946404262,o-3owubnjzljdsg8l42,96.81.52.113,,192.168.92.63,443,IPv4,TCP,0C0B3D21C2D5F6A72D882EB62F49DBFE20D2A63F,2018-05-29 15:30:00,/usr/sbin/httpd,/usr/sbin/httpd -DFOREGROUND
185946404262,o-3owubnjzljdsg8l42,173.164.34.41,,192.168.92.63,443,IPv4,TCP,0C0B3D21C2D5F6A72D882EB62F49DBFE20D2A63F,2018-05-29 15:30:00,/usr/sbin/httpd,/usr/sbin/httpd -DFOREGROUND
185946404262,o-3owubnjzljdsg8l42,35.199.127.214,,192.168.92.63,80,IPv4,TCP,0C0B3D21C2D5F6A72D882EB62F49DBFE20D2A63F,2018-05-29 15:15:00,/usr/sbin/httpd,/usr/sbin/httpd -DFOREGROUND
185946404262,o-3owubnjzljdsg8l42,178.16.89.195,,192.168.92.63,80,IPv4,TCP,0C0B3D21C2D5F6A72D882EB62F49DBFE20D2A63F,2018-05-29 15:15:00,/usr/sbin/httpd,/usr/sbin/httpd -DFOREGROUND
185946404262,o-3owubnjzljdsg8l42,96.81.52.113,,192.168.92.63,443,IPv4,TCP,0C0B3D21C2D5F6A72D882EB62F49DBFE20D2A63F,2018-05-29 15:15:00,/usr/sbin/httpd,/usr/sbin/httpd -DFOREGROUND
185946404262,o-3owubnjzljdsg8l42,173.164.34.41,,192.168.92.63,443,IPv4,TCP,0C0B3D21C2D5F6A72D882EB62F49DBFE20D2A63F,2018-05-29 15:15:00,/usr/sbin/httpd,/usr/sbin/httpd -DFOREGROUND
185946404262,o-3owubnjzljdsg8l42,96.81.52.113,,192.168.92.63,443,IPv4,TCP,0C0B3D21C2D5F6A72D882EB62F49DBFE20D2A63F,2018-05-29 14:30:00,/usr/sbin/httpd,/usr/sbin/httpd -DFOREGROUND
185946404262,o-3owubnjzljdsg8l42,173.164.34.41,,192.168.92.63,443,IPv4,TCP,0C0B3D21C2D5F6A72D882EB62F49DBFE20D2A63F,2018-05-29 16:00:00,/usr/sbin/httpd,/usr/sbin/httpd -DFOREGROUND
185946404262,o-3owubnjzljdsg8l42,96.81.52.113,,192.168.92.63,443,IPv4,TCP,0C0B3D21C2D5F6A72D882EB62F49DBFE20D2A63F,2018-05-29 15:45:00,/usr/sbin/httpd,/usr/sbin/httpd -DFOREGROUND
185946404262,o-3owubnjzljdsg8l42,173.164.34.41,,192.168.92.63,443,IPv4,TCP,0C0B3D21C2D5F6A72D882EB62F49DBFE20D2A63F,2018-05-29 16:15:00,/usr/sbin/httpd,/usr/sbin/httpd -DFOREGROUND
185946404262,o-3owubnjzljdsg8l42,96.81.52.113,,192.168.92.63,443,IPv4,TCP,0C0B3D21C2D5F6A72D882EB62F49DBFE20D2A63F,2018-05-29 17:30:00,/usr/sbin/httpd,/usr/sbin/httpd -DFOREGROUND
185946404262,o-3owubnjzljdsg8l42,173.164.34.41,,192.168.92.63,443,IPv4,TCP,0C0B3D21C2D5F6A72D882EB62F49DBFE20D2A63F,2018-05-29 17:30:00,/usr/sbin/httpd,/usr/sbin/httpd -DFOREGROUND
185946404262,o-3owubnjzljdsg8l42,96.81.52.113,,192.168.92.63,443,IPv4,TCP,0C0B3D21C2D5F6A72D882EB62F49DBFE20D2A63F,2018-05-29 16:30:00,/usr/sbin/httpd,/usr/sbin/httpd -DFOREGROUND
185946404262,o-3owubnjzljdsg8l42,96.81.52.113,,192.168.92.63,443,IPv4,TCP,0C0B3D21C2D5F6A72D882EB62F49DBFE20D2A63F,2018-05-29 16:45:00,/usr/sbin/httpd,/usr/sbin/httpd -DFOREGROUND
185946404262,o-3owubnjzljdsg8l42,173.164.34.41,,192.168.92.63,443,IPv4,TCP,0C0B3D21C2D5F6A72D882EB62F49DBFE20D2A63F,2018-05-29 17:15:00,/usr/sbin/httpd,/usr/sbin/httpd -DFOREGROUND
185946404262,o-3owubnjzljdsg8l42,46.37.194.194,,192.168.92.63,80,IPv4,TCP,0C0B3D21C2D5F6A72D882EB62F49DBFE20D2A63F,2018-05-29 18:00:00,/usr/sbin/httpd,/usr/sbin/httpd -DFOREGROUND
185946404262,o-3owubnjzljdsg8l42,96.81.52.113,,192.168.92.63,443,IPv4,TCP,0C0B3D21C2D5F6A72D882EB62F49DBFE20D2A63F,2018-05-29 17:45:00,/usr/sbin/httpd,/usr/sbin/httpd -DFOREGROUND
185946404262,o-3owubnjzljdsg8l42,173.164.34.41,,192.168.92.63,443,IPv4,TCP,0C0B3D21C2D5F6A72D882EB62F49DBFE20D2A63F,2018-05-29 17:45:00,/usr/sbin/httpd,/usr/sbin/httpd -DFOREGROUND
185946404262,o-3owubnjzljdsg8l42,96.81.52.113,,192.168.92.63,443,IPv4,TCP,0C0B3D21C2D5F6A72D882EB62F49DBFE20D2A63F,2018-05-29 19:30:00,/usr/sbin/httpd,/usr/sbin/httpd -DFOREGROUND
185946404262,o-3owubnjzljdsg8l42,173.164.34.41,,192.168.92.63,443,IPv4,TCP,0C0B3D21C2D5F6A72D882EB62F49DBFE20D2A63F,2018-05-29 19:30:00,/usr/sbin/httpd,/usr/sbin/httpd -DFOREGROUND
185946404262,o-3owubnjzljdsg8l42,173.164.34.41,,192.168.92.63,443,IPv4,TCP,0C0B3D21C2D5F6A72D882EB62F49DBFE20D2A63F,2018-05-29 19:15:00,/usr/sbin/httpd,/usr/sbin/httpd -DFOREGROUND
185946404262,o-3owubnjzljdsg8l42,178.73.215.171,,192.168.92.63,443,IPv4,TCP,0C0B3D21C2D5F6A72D882EB62F49DBFE20D2A63F,2018-05-29 19:15:00,/usr/sbin/httpd,/usr/sbin/httpd -DFOREGROUND
185946404262,o-3owubnjzljdsg8l42,173.164.34.41,,192.168.92.63,443,IPv4,TCP,0C0B3D21C2D5F6A72D882EB62F49DBFE20D2A63F,2018-05-29 18:30:00,/usr/sbin/httpd,/usr/sbin/httpd -DFOREGROUND
185946404262,o-3owubnjzljdsg8l42,96.81.52.113,,192.168.92.63,443,IPv4,TCP,0C0B3D21C2D5F6A72D882EB62F49DBFE20D2A63F,2018-05-29 18:45:00,/usr/sbin/httpd,/usr/sbin/httpd -DFOREGROUND
185946404262,o-3owubnjzljdsg8l42,173.164.34.41,,192.168.92.63,443,IPv4,TCP,0C0B3D21C2D5F6A72D882EB62F49DBFE20D2A63F,2018-05-29 18:45:00,/usr/sbin/httpd,/usr/sbin/httpd -DFOREGROUND
185946404262,o-3owubnjzljdsg8l42,96.81.52.113,,192.168.92.63,443,IPv4,TCP,0C0B3D21C2D5F6A72D882EB62F49DBFE20D2A63F,2018-05-29 19:00:00,/usr/sbin/httpd,/usr/sbin/httpd -DFOREGROUND
185946404262,o-3owubnjzljdsg8l42,96.81.52.113,,192.168.92.63,443,IPv4,TCP,0C0B3D21C2D5F6A72D882EB62F49DBFE20D2A63F,2018-05-29 20:00:00,/usr/sbin/httpd,/usr/sbin/httpd -DFOREGROUND
185946404262,o-3owubnjzljdsg8l42,96.81.52.113,,192.168.92.63,443,IPv4,TCP,0C0B3D21C2D5F6A72D882EB62F49DBFE20D2A63F,2018-05-29 19:45:00,/usr/sbin/httpd,/usr/sbin/httpd -DFOREGROUND
185946404262,o-3owubnjzljdsg8l42,173.164.34.41,,192.168.92.63,443,IPv4,TCP,0C0B3D21C2D5F6A72D882EB62F49DBFE20D2A63F,2018-05-29 19:45:00,/usr/sbin/httpd,/usr/sbin/httpd -DFOREGROUND
185946404262,o-3owubnjzljdsg8l42,96.81.52.113,,192.168.92.63,443,IPv4,TCP,0C0B3D21C2D5F6A72D882EB62F49DBFE20D2A63F,2018-05-29 20:15:00,/usr/sbin/httpd,/usr/sbin/httpd -DFOREGROUND
185946404262,o-3owubnjzljdsg8l42,173.164.34.41,,192.168.92.63,443,IPv4,TCP,0C0B3D21C2D5F6A72D882EB62F49DBFE20D2A63F,2018-05-29 20:45:00,/usr/sbin/httpd,/usr/sbin/httpd -DFOREGROUND
185946404262,o-3owubnjzljdsg8l42,173.164.34.41,,192.168.92.63,443,IPv4,TCP,0C0B3D21C2D5F6A72D882EB62F49DBFE20D2A63F,2018-05-29 21:00:00,/usr/sbin/httpd,/usr/sbin/httpd -DFOREGROUND
185946404262,o-3owubnjzljdsg8l42,134.119.212.87,,192.168.92.63,80,IPv4,TCP,0C0B3D21C2D5F6A72D882EB62F49DBFE20D2A63F,2018-05-29 21:30:00,/usr/sbin/httpd,/usr/sbin/httpd -DFOREGROUND
185946404262,o-3owubnjzljdsg8l42,96.81.52.113,,192.168.92.63,443,IPv4,TCP,0C0B3D21C2D5F6A72D882EB62F49DBFE20D2A63F,2018-05-29 21:30:00,/usr/sbin/httpd,/usr/sbin/httpd -DFOREGROUND
185946404262,o-3owubnjzljdsg8l42,66.249.65.74,,192.168.92.63,80,IPv4,TCP,0C0B3D21C2D5F6A72D882EB62F49DBFE20D2A63F,2018-05-29 20:30:00,/usr/sbin/httpd,/usr/sbin/httpd -DFOREGROUND
185946404262,o-3owubnjzljdsg8l42,66.249.65.71,,192.168.92.63,443,IPv4,TCP,0C0B3D21C2D5F6A72D882EB62F49DBFE20D2A63F,2018-05-29 20:30:00,/usr/sbin/httpd,/usr/sbin/httpd -DFOREGROUND
185946404262,o-3owubnjzljdsg8l42,173.164.34.41,,192.168.92.63,443,IPv4,TCP,0C0B3D21C2D5F6A72D882EB62F49DBFE20D2A63F,2018-05-29 21:15:00,/usr/sbin/httpd,/usr/sbin/httpd -DFOREGROUND
185946404262,o-3owubnjzljdsg8l42,173.164.34.41,,192.168.92.63,443,IPv4,TCP,0C0B3D21C2D5F6A72D882EB62F49DBFE20D2A63F,2018-05-29 22:15:00,/usr/sbin/httpd,/usr/sbin/httpd -DFOREGROUND
185946404262,o-3owubnjzljdsg8l42,134.119.212.87,,192.168.92.63,80,IPv4,TCP,0C0B3D21C2D5F6A72D882EB62F49DBFE20D2A63F,2018-05-29 21:45:00,/usr/sbin/httpd,/usr/sbin/httpd -DFOREGROUND
185946404262,o-3owubnjzljdsg8l42,96.81.52.113,,192.168.92.63,443,IPv4,TCP,0C0B3D21C2D5F6A72D882EB62F49DBFE20D2A63F,2018-05-29 21:45:00,/usr/sbin/httpd,/usr/sbin/httpd -DFOREGROUND
185946404262,o-3owubnjzljdsg8l42,96.81.52.113,,192.168.92.63,443,IPv4,TCP,0C0B3D21C2D5F6A72D882EB62F49DBFE20D2A63F,2018-05-29 22:45:00,/usr/sbin/httpd,/usr/sbin/httpd -DFOREGROUND
185946404262,o-3owubnjzljdsg8l42,173.164.34.41,,192.168.92.63,443,IPv4,TCP,0C0B3D21C2D5F6A72D882EB62F49DBFE20D2A63F,2018-05-29 23:30:00,/usr/sbin/httpd,/usr/sbin/httpd -DFOREGROUND
185946404262,o-3owubnjzljdsg8l42,96.81.52.113,,192.168.92.63,443,IPv4,TCP,0C0B3D21C2D5F6A72D882EB62F49DBFE20D2A63F,2018-05-29 22:30:00,/usr/sbin/httpd,/usr/sbin/httpd -DFOREGROUND
185946404262,o-3owubnjzljdsg8l42,173.164.34.41,,192.168.92.63,443,IPv4,TCP,0C0B3D21C2D5F6A72D882EB62F49DBFE20D2A63F,2018-05-29 22:30:00,/usr/sbin/httpd,/usr/sbin/httpd -DFOREGROUND
185946404262,o-3owubnjzljdsg8l42,96.81.52.113,,192.168.92.63,443,IPv4,TCP,0C0B3D21C2D5F6A72D882EB62F49DBFE20D2A63F,2018-05-30 00:15:00,/usr/sbin/httpd,/usr/sbin/httpd -DFOREGROUND
185946404262,o-3owubnjzljdsg8l42,96.81.52.113,,192.168.92.63,443,IPv4,TCP,0C0B3D21C2D5F6A72D882EB62F49DBFE20D2A63F,2018-05-30 00:00:00,/usr/sbin/httpd,/usr/sbin/httpd -DFOREGROUND
185946404262,o-3owubnjzljdsg8l42,96.81.52.113,,192.168.92.63,443,IPv4,TCP,0C0B3D21C2D5F6A72D882EB62F49DBFE20D2A63F,2018-05-29 23:45:00,/usr/sbin/httpd,/usr/sbin/httpd -DFOREGROUND
185946404262,o-3owubnjzljdsg8l42,173.164.34.41,,192.168.92.63,443,IPv4,TCP,0C0B3D21C2D5F6A72D882EB62F49DBFE20D2A63F,2018-05-29 23:45:00,/usr/sbin/httpd,/usr/sbin/httpd -DFOREGROUND
185946404262,o-3owubnjzljdsg8l42,173.164.34.41,,192.168.92.63,443,IPv4,TCP,0C0B3D21C2D5F6A72D882EB62F49DBFE20D2A63F,2018-05-30 01:00:00,/usr/sbin/httpd,/usr/sbin/httpd -DFOREGROUND
185946404262,o-3owubnjzljdsg8l42,96.81.52.113,,192.168.92.63,443,IPv4,TCP,0C0B3D21C2D5F6A72D882EB62F49DBFE20D2A63F,2018-05-30 00:45:00,/usr/sbin/httpd,/usr/sbin/httpd -DFOREGROUND
185946404262,o-3owubnjzljdsg8l42,173.164.34.41,,192.168.92.63,443,IPv4,TCP,0C0B3D21C2D5F6A72D882EB62F49DBFE20D2A63F,2018-05-30 01:15:00,/usr/sbin/httpd,/usr/sbin/httpd -DFOREGROUND
