accountNumber,agentId,osName,osVersion,cpuType,hostName,hypervisor,timestamp
185946404262,o-17vbev18sdyslf98g,Linux - Ubuntu 12.04.5 LTS x86_64 (Linux 3.13.0-117-generic),12.4.0.0,x86_64,Tal,,2018-05-27 01:53:45
185946404262,o-17vbev18sdyslf98g,Linux - Ubuntu 12.04.5 LTS x86_64 (Linux 3.13.0-117-generic),12.4.0.0,x86_64,Tal,,2018-05-27 01:53:45
185946404262,o-17vbev18sdyslf98g,Linux - Ubuntu 12.04.5 LTS x86_64 (Linux 3.13.0-117-generic),12.4.0.0,x86_64,Tal,,2018-05-27 02:11:55
185946404262,o-17vbev18sdyslf98g,Linux - Ubuntu 12.04.5 LTS x86_64 (Linux 3.13.0-117-generic),12.4.0.0,x86_64,Tal,,2018-05-27 02:27:55
185946404262,o-17vbev18sdyslf98g,Linux - Ubuntu 12.04.5 LTS x86_64 (Linux 3.13.0-117-generic),12.4.0.0,x86_64,Tal,,2018-05-27 02:45:01
185946404262,o-17vbev18sdyslf98g,Linux - Ubuntu 12.04.5 LTS x86_64 (Linux 3.13.0-117-generic),12.4.0.0,x86_64,Tal,,2018-05-27 03:38:41
185946404262,o-17vbev18sdyslf98g,Linux - Ubuntu 12.04.5 LTS x86_64 (Linux 3.13.0-117-generic),12.4.0.0,x86_64,Tal,,2018-05-27 03:38:41
185946404262,o-17vbev18sdyslf98g,Linux - Ubuntu 12.04.5 LTS x86_64 (Linux 3.13.0-117-generic),12.4.0.0,x86_64,Tal,,2018-05-27 03:21:34
185946404262,o-17vbev18sdyslf98g,Linux - Ubuntu 12.04.5 LTS x86_64 (Linux 3.13.0-117-generic),12.4.0.0,x86_64,Tal,,2018-05-27 03:02:16
185946404262,o-17vbev18sdyslf98g,Linux - Ubuntu 12.04.5 LTS x86_64 (Linux 3.13.0-117-generic),12.4.0.0,x86_64,Tal,,2018-05-27 04:01:06
185946404262,o-17vbev18sdyslf98g,Linux - Ubuntu 12.04.5 LTS x86_64 (Linux 3.13.0-117-generic),12.4.0.0,x86_64,Tal,,2018-05-27 04:20:32
185946404262,o-17vbev18sdyslf98g,Linux - Ubuntu 12.04.5 LTS x86_64 (Linux 3.13.0-117-generic),12.4.0.0,x86_64,Tal,,2018-05-27 04:39:53
185946404262,o-17vbev18sdyslf98g,Linux - Ubuntu 12.04.5 LTS x86_64 (Linux 3.13.0-117-generic),12.4.0.0,x86_64,Tal,,2018-05-27 04:39:53
185946404262,o-17vbev18sdyslf98g,Linux - Ubuntu 12.04.5 LTS x86_64 (Linux 3.13.0-117-generic),12.4.0.0,x86_64,Tal,,2018-05-27 05:19:30
185946404262,o-17vbev18sdyslf98g,Linux - Ubuntu 12.04.5 LTS x86_64 (Linux 3.13.0-117-generic),12.4.0.0,x86_64,Tal,,2018-05-27 05:51:34
185946404262,o-17vbev18sdyslf98g,Linux - Ubuntu 12.04.5 LTS x86_64 (Linux 3.13.0-117-generic),12.4.0.0,x86_64,Tal,,2018-05-27 05:35:27
185946404262,o-17vbev18sdyslf98g,Linux - Ubuntu 12.04.5 LTS x86_64 (Linux 3.13.0-117-generic),12.4.0.0,x86_64,Tal,,2018-05-27 05:01:12
185946404262,o-17vbev18sdyslf98g,Linux - Ubuntu 12.04.5 LTS x86_64 (Linux 3.13.0-117-generic),12.4.0.0,x86_64,Tal,,2018-05-27 06:32:09
185946404262,o-17vbev18sdyslf98g,Linux - Ubuntu 12.04.5 LTS x86_64 (Linux 3.13.0-117-generic),12.4.0.0,x86_64,Tal,,2018-05-27 06:10:49
185946404262,o-17vbev18sdyslf98g,Linux - Ubuntu 12.04.5 LTS x86_64 (Linux 3.13.0-117-generic),12.4.0.0,x86_64,Tal,,2018-05-27 06:10:49
185946404262,o-17vbev18sdyslf98g,Linux - Ubuntu 12.04.5 LTS x86_64 (Linux 3.13.0-117-generic),12.4.0.0,x86_64,Tal,,2018-05-27 06:52:33
185946404262,o-17vbev18sdyslf98g,Linux - Ubuntu 12.04.5 LTS x86_64 (Linux 3.13.0-117-generic),12.4.0.0,x86_64,Tal,,2018-05-27 07:29:52
185946404262,o-17vbev18sdyslf98g,Linux - Ubuntu 12.04.5 LTS x86_64 (Linux 3.13.0-117-generic),12.4.0.0,x86_64,Tal,,2018-05-27 07:49:19
185946404262,o-17vbev18sdyslf98g,Linux - Ubuntu 12.04.5 LTS x86_64 (Linux 3.13.0-117-generic),12.4.0.0,x86_64,Tal,,2018-05-27 07:11:46
185946404262,o-17vbev18sdyslf98g,Linux - Ubuntu 12.04.5 LTS x86_64 (Linux 3.13.0-117-generic),12.4.0.0,x86_64,Tal,,2018-05-27 07:11:46
185946404262,o-17vbev18sdyslf98g,Linux - Ubuntu 12.04.5 LTS x86_64 (Linux 3.13.0-117-generic),12.4.0.0,x86_64,Tal,,2018-05-27 08:08:37
185946404262,o-17vbev18sdyslf98g,Linux - Ubuntu 12.04.5 LTS x86_64 (Linux 3.13.0-117-generic),12.4.0.0,x86_64,Tal,,2018-05-27 08:23:40
185946404262,o-17vbev18sdyslf98g,Linux - Ubuntu 12.04.5 LTS x86_64 (Linux 3.13.0-117-generic),12.4.0.0,x86_64,Tal,,2018-05-27 08:23:40
185946404262,o-17vbev18sdyslf98g,Linux - Ubuntu 12.04.5 LTS x86_64 (Linux 3.13.0-117-generic),12.4.0.0,x86_64,Tal,,2018-05-27 08:41:57
185946404262,o-17vbev18sdyslf98g,Linux - Ubuntu 12.04.5 LTS x86_64 (Linux 3.13.0-117-generic),12.4.0.0,x86_64,Tal,,2018-05-27 09:00:06
185946404262,o-17vbev18sdyslf98g,Linux - Ubuntu 12.04.5 LTS x86_64 (Linux 3.13.0-117-generic),12.4.0.0,x86_64,Tal,,2018-05-27 09:17:21
185946404262,o-17vbev18sdyslf98g,Linux - Ubuntu 12.04.5 LTS x86_64 (Linux 3.13.0-117-generic),12.4.0.0,x86_64,Tal,,2018-05-27 09:40:52
185946404262,o-17vbev18sdyslf98g,Linux - Ubuntu 12.04.5 LTS x86_64 (Linux 3.13.0-117-generic),12.4.0.0,x86_64,Tal,,2018-05-27 09:40:52
185946404262,o-17vbev18sdyslf98g,Linux - Ubuntu 12.04.5 LTS x86_64 (Linux 3.13.0-117-generic),12.4.0.0,x86_64,Tal,,2018-05-27 10:00:04
185946404262,o-17vbev18sdyslf98g,Linux - Ubuntu 12.04.5 LTS x86_64 (Linux 3.13.0-117-generic),12.4.0.0,x86_64,Tal,,2018-05-27 10:54:53
185946404262,o-17vbev18sdyslf98g,Linux - Ubuntu 12.04.5 LTS x86_64 (Linux 3.13.0-117-generic),12.4.0.0,x86_64,Tal,,2018-05-27 10:54:53
185946404262,o-17vbev18sdyslf98g,Linux - Ubuntu 12.04.5 LTS x86_64 (Linux 3.13.0-117-generic),12.4.0.0,x86_64,Tal,,2018-05-27 10:17:20
185946404262,o-17vbev18sdyslf98g,Linux - Ubuntu 12.04.5 LTS x86_64 (Linux 3.13.0-117-generic),12.4.0.0,x86_64,Tal,,2018-05-27 10:32:19
185946404262,o-17vbev18sdyslf98g,Linux - Ubuntu 12.04.5 LTS x86_64 (Linux 3.13.0-117-generic),12.4.0.0,x86_64,Tal,,2018-05-27 11:47:16
185946404262,o-17vbev18sdyslf98g,Linux - Ubuntu 12.04.5 LTS x86_64 (Linux 3.13.0-117-generic),12.4.0.0,x86_64,Tal,,2018-05-27 11:09:52
185946404262,o-17vbev18sdyslf98g,Linux - Ubuntu 12.04.5 LTS x86_64 (Linux 3.13.0-117-generic),12.4.0.0,x86_64,Tal,,2018-05-27 11:26:56
185946404262,o-17vbev18sdyslf98g,Linux - Ubuntu 12.04.5 LTS x86_64 (Linux 3.13.0-117-generic),12.4.0.0,x86_64,Tal,,2018-05-27 12:40:47
185946404262,o-17vbev18sdyslf98g,Linux - Ubuntu 12.04.5 LTS x86_64 (Linux 3.13.0-117-generic),12.4.0.0,x86_64,Tal,,2018-05-27 12:04:25
185946404262,o-17vbev18sdyslf98g,Linux - Ubuntu 12.04.5 LTS x86_64 (Linux 3.13.0-117-generic),12.4.0.0,x86_64,Tal,,2018-05-27 12:40:47
185946404262,o-17vbev18sdyslf98g,Linux - Ubuntu 12.04.5 LTS x86_64 (Linux 3.13.0-117-generic),12.4.0.0,x86_64,Tal,,2018-05-27 12:23:40
185946404262,o-17vbev18sdyslf98g,Linux - Ubuntu 12.04.5 LTS x86_64 (Linux 3.13.0-117-generic),12.4.0.0,x86_64,Tal,,2018-05-27 13:03:17
185946404262,o-17vbev18sdyslf98g,Linux - Ubuntu 12.04.5 LTS x86_64 (Linux 3.13.0-117-generic),12.4.0.0,x86_64,Tal,,2018-05-27 13:56:45
185946404262,o-17vbev18sdyslf98g,Linux - Ubuntu 12.04.5 LTS x86_64 (Linux 3.13.0-117-generic),12.4.0.0,x86_64,Tal,,2018-05-27 13:19:20
185946404262,o-17vbev18sdyslf98g,Linux - Ubuntu 12.04.5 LTS x86_64 (Linux 3.13.0-117-generic),12.4.0.0,x86_64,Tal,,2018-05-27 13:39:36
185946404262,o-17vbev18sdyslf98g,Linux - Ubuntu 12.04.5 LTS x86_64 (Linux 3.13.0-117-generic),12.4.0.0,x86_64,Tal,,2018-05-27 13:39:36
185946404262,o-17vbev18sdyslf98g,Linux - Ubuntu 12.04.5 LTS x86_64 (Linux 3.13.0-117-generic),12.4.0.0,x86_64,Tal,,2018-05-27 14:13:53
185946404262,o-17vbev18sdyslf98g,Linux - Ubuntu 12.04.5 LTS x86_64 (Linux 3.13.0-117-generic),12.4.0.0,x86_64,Tal,,2018-05-27 14:33:12
185946404262,o-17vbev18sdyslf98g,Linux - Ubuntu 12.04.5 LTS x86_64 (Linux 3.13.0-117-generic),12.4.0.0,x86_64,Tal,,2018-05-27 14:55:33
185946404262,o-17vbev18sdyslf98g,Linux - Ubuntu 12.04.5 LTS x86_64 (Linux 3.13.0-117-generic),12.4.0.0,x86_64,Tal,,2018-05-27 14:55:33
185946404262,o-17vbev18sdyslf98g,Linux - Ubuntu 12.04.5 LTS x86_64 (Linux 3.13.0-117-generic),12.4.0.0,x86_64,Tal,,2018-05-27 15:52:20
185946404262,o-17vbev18sdyslf98g,Linux - Ubuntu 12.04.5 LTS x86_64 (Linux 3.13.0-117-generic),12.4.0.0,x86_64,Tal,,2018-05-27 15:12:40
185946404262,o-17vbev18sdyslf98g,Linux - Ubuntu 12.04.5 LTS x86_64 (Linux 3.13.0-117-generic),12.4.0.0,x86_64,Tal,,2018-05-27 15:32:01
185946404262,o-17vbev18sdyslf98g,Linux - Ubuntu 12.04.5 LTS x86_64 (Linux 3.13.0-117-generic),12.4.0.0,x86_64,Tal,,2018-05-27 16:51:18
185946404262,o-17vbev18sdyslf98g,Linux - Ubuntu 12.04.5 LTS x86_64 (Linux 3.13.0-117-generic),12.4.0.0,x86_64,Tal,,2018-05-27 16:10:33
185946404262,o-17vbev18sdyslf98g,Linux - Ubuntu 12.04.5 LTS x86_64 (Linux 3.13.0-117-generic),12.4.0.0,x86_64,Tal,,2018-05-27 16:10:33
185946404262,o-17vbev18sdyslf98g,Linux - Ubuntu 12.04.5 LTS x86_64 (Linux 3.13.0-117-generic),12.4.0.0,x86_64,Tal,,2018-05-27 16:33:06
185946404262,o-17vbev18sdyslf98g,Linux - Ubuntu 12.04.5 LTS x86_64 (Linux 3.13.0-117-generic),12.4.0.0,x86_64,Tal,,2018-05-27 17:26:36
185946404262,o-17vbev18sdyslf98g,Linux - Ubuntu 12.04.5 LTS x86_64 (Linux 3.13.0-117-generic),12.4.0.0,x86_64,Tal,,2018-05-27 17:08:25
185946404262,o-17vbev18sdyslf98g,Linux - Ubuntu 12.04.5 LTS x86_64 (Linux 3.13.0-117-generic),12.4.0.0,x86_64,Tal,,2018-05-27 17:08:25
185946404262,o-17vbev18sdyslf98g,Linux - Ubuntu 12.04.5 LTS x86_64 (Linux 3.13.0-117-generic),12.4.0.0,x86_64,Tal,,2018-05-27 17:45:46
185946404262,o-17vbev18sdyslf98g,Linux - Ubuntu 12.04.5 LTS x86_64 (Linux 3.13.0-117-generic),12.4.0.0,x86_64,Tal,,2018-05-27 18:01:54
185946404262,o-17vbev18sdyslf98g,Linux - Ubuntu 12.04.5 LTS x86_64 (Linux 3.13.0-117-generic),12.4.0.0,x86_64,Tal,,2018-05-27 18:39:19
185946404262,o-17vbev18sdyslf98g,Linux - Ubuntu 12.04.5 LTS x86_64 (Linux 3.13.0-117-generic),12.4.0.0,x86_64,Tal,,2018-05-27 18:18:59
185946404262,o-17vbev18sdyslf98g,Linux - Ubuntu 12.04.5 LTS x86_64 (Linux 3.13.0-117-generic),12.4.0.0,x86_64,Tal,,2018-05-27 18:54:18
185946404262,o-17vbev18sdyslf98g,Linux - Ubuntu 12.04.5 LTS x86_64 (Linux 3.13.0-117-generic),12.4.0.0,x86_64,Tal,,2018-05-27 18:54:18
185946404262,o-17vbev18sdyslf98g,Linux - Ubuntu 12.04.5 LTS x86_64 (Linux 3.13.0-117-generic),12.4.0.0,x86_64,Tal,,2018-05-27 19:12:27
185946404262,o-17vbev18sdyslf98g,Linux - Ubuntu 12.04.5 LTS x86_64 (Linux 3.13.0-117-generic),12.4.0.0,x86_64,Tal,,2018-05-27 19:30:38
185946404262,o-17vbev18sdyslf98g,Linux - Ubuntu 12.04.5 LTS x86_64 (Linux 3.13.0-117-generic),12.4.0.0,x86_64,Tal,,2018-05-27 19:46:47
185946404262,o-17vbev18sdyslf98g,Linux - Ubuntu 12.04.5 LTS x86_64 (Linux 3.13.0-117-generic),12.4.0.0,x86_64,Tal,,2018-05-27 20:24:14
185946404262,o-17vbev18sdyslf98g,Linux - Ubuntu 12.04.5 LTS x86_64 (Linux 3.13.0-117-generic),12.4.0.0,x86_64,Tal,,2018-05-27 20:24:14
185946404262,o-17vbev18sdyslf98g,Linux - Ubuntu 12.04.5 LTS x86_64 (Linux 3.13.0-117-generic),12.4.0.0,x86_64,Tal,,2018-05-27 20:47:52
185946404262,o-17vbev18sdyslf98g,Linux - Ubuntu 12.04.5 LTS x86_64 (Linux 3.13.0-117-generic),12.4.0.0,x86_64,Tal,,2018-05-27 20:05:01
185946404262,o-17vbev18sdyslf98g,Linux - Ubuntu 12.04.5 LTS x86_64 (Linux 3.13.0-117-generic),12.4.0.0,x86_64,Tal,,2018-05-27 21:05:01
185946404262,o-17vbev18sdyslf98g,Linux - Ubuntu 12.04.5 LTS x86_64 (Linux 3.13.0-117-generic),12.4.0.0,x86_64,Tal,,2018-05-27 21:43:31
185946404262,o-17vbev18sdyslf98g,Linux - Ubuntu 12.04.5 LTS x86_64 (Linux 3.13.0-117-generic),12.4.0.0,x86_64,Tal,,2018-05-27 21:26:23
185946404262,o-17vbev18sdyslf98g,Linux - Ubuntu 12.04.5 LTS x86_64 (Linux 3.13.0-117-generic),12.4.0.0,x86_64,Tal,,2018-05-27 21:26:23
185946404262,o-17vbev18sdyslf98g,Linux - Ubuntu 12.04.5 LTS x86_64 (Linux 3.13.0-117-generic),12.4.0.0,x86_64,Tal,,2018-05-27 22:22:14
185946404262,o-17vbev18sdyslf98g,Linux - Ubuntu 12.04.5 LTS x86_64 (Linux 3.13.0-117-generic),12.4.0.0,x86_64,Tal,,2018-05-27 22:40:24
185946404262,o-17vbev18sdyslf98g,Linux - Ubuntu 12.04.5 LTS x86_64 (Linux 3.13.0-117-generic),12.4.0.0,x86_64,Tal,,2018-05-27 22:40:24
185946404262,o-17vbev18sdyslf98g,Linux - Ubuntu 12.04.5 LTS x86_64 (Linux 3.13.0-117-generic),12.4.0.0,x86_64,Tal,,2018-05-27 22:02:52
185946404262,o-17vbev18sdyslf98g,Linux - Ubuntu 12.04.5 LTS x86_64 (Linux 3.13.0-117-generic),12.4.0.0,x86_64,Tal,,2018-05-27 23:19:59
185946404262,o-17vbev18sdyslf98g,Linux - Ubuntu 12.04.5 LTS x86_64 (Linux 3.13.0-117-generic),12.4.0.0,x86_64,Tal,,2018-05-27 23:56:14
185946404262,o-17vbev18sdyslf98g,Linux - Ubuntu 12.04.5 LTS x86_64 (Linux 3.13.0-117-generic),12.4.0.0,x86_64,Tal,,2018-05-27 23:56:14
185946404262,o-17vbev18sdyslf98g,Linux - Ubuntu 12.04.5 LTS x86_64 (Linux 3.13.0-117-generic),12.4.0.0,x86_64,Tal,,2018-05-27 23:02:52
185946404262,o-17vbev18sdyslf98g,Linux - Ubuntu 12.04.5 LTS x86_64 (Linux 3.13.0-117-generic),12.4.0.0,x86_64,Tal,,2018-05-27 23:39:12
185946404262,o-17vbev18sdyslf98g,Linux - Ubuntu 12.04.5 LTS x86_64 (Linux 3.13.0-117-generic),12.4.0.0,x86_64,Tal,,2018-05-28 00:56:16
185946404262,o-17vbev18sdyslf98g,Linux - Ubuntu 12.04.5 LTS x86_64 (Linux 3.13.0-117-generic),12.4.0.0,x86_64,Tal,,2018-05-28 00:56:16
185946404262,o-17vbev18sdyslf98g,Linux - Ubuntu 12.04.5 LTS x86_64 (Linux 3.13.0-117-generic),12.4.0.0,x86_64,Tal,,2018-05-28 00:32:47
185946404262,o-17vbev18sdyslf98g,Linux - Ubuntu 12.04.5 LTS x86_64 (Linux 3.13.0-117-generic),12.4.0.0,x86_64,Tal,,2018-05-28 00:15:30
185946404262,o-17vbev18sdyslf98g,Linux - Ubuntu 12.04.5 LTS x86_64 (Linux 3.13.0-117-generic),12.4.0.0,x86_64,Tal,,2018-05-28 01:14:26
185946404262,o-17vbev18sdyslf98g,Linux - Ubuntu 12.04.5 LTS x86_64 (Linux 3.13.0-117-generic),12.4.0.0,x86_64,Tal,,2018-05-28 01:56:17
185946404262,o-17vbev18sdyslf98g,Linux - Ubuntu 12.04.5 LTS x86_64 (Linux 3.13.0-117-generic),12.4.0.0,x86_64,Tal,,2018-05-28 01:56:17
185946404262,o-17vbev18sdyslf98g,Linux - Ubuntu 12.04.5 LTS x86_64 (Linux 3.13.0-117-generic),12.4.0.0,x86_64,Tal,,2018-05-28 01:33:50
185946404262,o-17vbev18sdyslf98g,Linux - Ubuntu 12.04.5 LTS x86_64 (Linux 3.13.0-117-generic),12.4.0.0,x86_64,Tal,,2018-05-28 02:16:38
185946404262,o-17vbev18sdyslf98g,Linux - Ubuntu 12.04.5 LTS x86_64 (Linux 3.13.0-117-generic),12.4.0.0,x86_64,Tal,,2018-05-28 02:55:10
185946404262,o-17vbev18sdyslf98g,Linux - Ubuntu 12.04.5 LTS x86_64 (Linux 3.13.0-117-generic),12.4.0.0,x86_64,Tal,,2018-05-28 02:55:10
185946404262,o-17vbev18sdyslf98g,Linux - Ubuntu 12.04.5 LTS x86_64 (Linux 3.13.0-117-generic),12.4.0.0,x86_64,Tal,,2018-05-28 02:39:07
185946404262,o-17vbev18sdyslf98g,Linux - Ubuntu 12.04.5 LTS x86_64 (Linux 3.13.0-117-generic),12.4.0.0,x86_64,Tal,,2018-05-28 03:56:12
185946404262,o-17vbev18sdyslf98g,Linux - Ubuntu 12.04.5 LTS x86_64 (Linux 3.13.0-117-generic),12.4.0.0,x86_64,Tal,,2018-05-28 03:56:12
185946404262,o-17vbev18sdyslf98g,Linux - Ubuntu 12.04.5 LTS x86_64 (Linux 3.13.0-117-generic),12.4.0.0,x86_64,Tal,,2018-05-28 03:32:37
185946404262,o-17vbev18sdyslf98g,Linux - Ubuntu 12.04.5 LTS x86_64 (Linux 3.13.0-117-generic),12.4.0.0,x86_64,Tal,,2018-05-28 03:15:25
185946404262,o-17vbev18sdyslf98g,Linux - Ubuntu 12.04.5 LTS x86_64 (Linux 3.13.0-117-generic),12.4.0.0,x86_64,Tal,,2018-05-28 04:55:02
185946404262,o-17vbev18sdyslf98g,Linux - Ubuntu 12.04.5 LTS x86_64 (Linux 3.13.0-117-generic),12.4.0.0,x86_64,Tal,,2018-05-28 04:55:02
185946404262,o-17vbev18sdyslf98g,Linux - Ubuntu 12.04.5 LTS x86_64 (Linux 3.13.0-117-generic),12.4.0.0,x86_64,Tal,,2018-05-28 04:15:25
185946404262,o-17vbev18sdyslf98g,Linux - Ubuntu 12.04.5 LTS x86_64 (Linux 3.13.0-117-generic),12.4.0.0,x86_64,Tal,,2018-05-28 04:35:45
185946404262,o-17vbev18sdyslf98g,Linux - Ubuntu 12.04.5 LTS x86_64 (Linux 3.13.0-117-generic),12.4.0.0,x86_64,Tal,,2018-05-28 05:54:04
185946404262,o-17vbev18sdyslf98g,Linux - Ubuntu 12.04.5 LTS x86_64 (Linux 3.13.0-117-generic),12.4.0.0,x86_64,Tal,,2018-05-28 05:54:04
185946404262,o-17vbev18sdyslf98g,Linux - Ubuntu 12.04.5 LTS x86_64 (Linux 3.13.0-117-generic),12.4.0.0,x86_64,Tal,,2018-05-28 05:31:25
185946404262,o-17vbev18sdyslf98g,Linux - Ubuntu 12.04.5 LTS x86_64 (Linux 3.13.0-117-generic),12.4.0.0,x86_64,Tal,,2018-05-28 05:15:15
185946404262,o-17vbev18sdyslf98g,Linux - Ubuntu 12.04.5 LTS x86_64 (Linux 3.13.0-117-generic),12.4.0.0,x86_64,Tal,,2018-05-28 06:38:11
185946404262,o-17vbev18sdyslf98g,Linux - Ubuntu 12.04.5 LTS x86_64 (Linux 3.13.0-117-generic),12.4.0.0,x86_64,Tal,,2018-05-28 06:56:26
185946404262,o-17vbev18sdyslf98g,Linux - Ubuntu 12.04.5 LTS x86_64 (Linux 3.13.0-117-generic),12.4.0.0,x86_64,Tal,,2018-05-28 06:56:26
185946404262,o-17vbev18sdyslf98g,Linux - Ubuntu 12.04.5 LTS x86_64 (Linux 3.13.0-117-generic),12.4.0.0,x86_64,Tal,,2018-05-28 06:16:38
185946404262,o-17vbev18sdyslf98g,Linux - Ubuntu 12.04.5 LTS x86_64 (Linux 3.13.0-117-generic),12.4.0.0,x86_64,Tal,,2018-05-28 07:18:03
185946404262,o-17vbev18sdyslf98g,Linux - Ubuntu 12.04.5 LTS x86_64 (Linux 3.13.0-117-generic),12.4.0.0,x86_64,Tal,,2018-05-28 07:37:17
185946404262,o-17vbev18sdyslf98g,Linux - Ubuntu 12.04.5 LTS x86_64 (Linux 3.13.0-117-generic),12.4.0.0,x86_64,Tal,,2018-05-28 07:55:29
185946404262,o-17vbev18sdyslf98g,Linux - Ubuntu 12.04.5 LTS x86_64 (Linux 3.13.0-117-generic),12.4.0.0,x86_64,Tal,,2018-05-28 07:55:29
185946404262,o-17vbev18sdyslf98g,Linux - Ubuntu 12.04.5 LTS x86_64 (Linux 3.13.0-117-generic),12.4.0.0,x86_64,Tal,,2018-05-28 08:30:49
185946404262,o-17vbev18sdyslf98g,Linux - Ubuntu 12.04.5 LTS x86_64 (Linux 3.13.0-117-generic),12.4.0.0,x86_64,Tal,,2018-05-28 08:49:04
185946404262,o-17vbev18sdyslf98g,Linux - Ubuntu 12.04.5 LTS x86_64 (Linux 3.13.0-117-generic),12.4.0.0,x86_64,Tal,,2018-05-28 08:14:44
185946404262,o-17vbev18sdyslf98g,Linux - Ubuntu 12.04.5 LTS x86_64 (Linux 3.13.0-117-generic),12.4.0.0,x86_64,Tal,,2018-05-28 09:25:28
185946404262,o-17vbev18sdyslf98g,Linux - Ubuntu 12.04.5 LTS x86_64 (Linux 3.13.0-117-generic),12.4.0.0,x86_64,Tal,,2018-05-28 09:25:28
185946404262,o-17vbev18sdyslf98g,Linux - Ubuntu 12.04.5 LTS x86_64 (Linux 3.13.0-117-generic),12.4.0.0,x86_64,Tal,,2018-05-28 09:07:16
185946404262,o-17vbev18sdyslf98g,Linux - Ubuntu 12.04.5 LTS x86_64 (Linux 3.13.0-117-generic),12.4.0.0,x86_64,Tal,,2018-05-28 09:49:06
185946404262,o-17vbev18sdyslf98g,Linux - Ubuntu 12.04.5 LTS x86_64 (Linux 3.13.0-117-generic),12.4.0.0,x86_64,Tal,,2018-05-28 10:55:25
185946404262,o-17vbev18sdyslf98g,Linux - Ubuntu 12.04.5 LTS x86_64 (Linux 3.13.0-117-generic),12.4.0.0,x86_64,Tal,,2018-05-28 10:55:25
185946404262,o-17vbev18sdyslf98g,Linux - Ubuntu 12.04.5 LTS x86_64 (Linux 3.13.0-117-generic),12.4.0.0,x86_64,Tal,,2018-05-28 10:22:16
185946404262,o-17vbev18sdyslf98g,Linux - Ubuntu 12.04.5 LTS x86_64 (Linux 3.13.0-117-generic),12.4.0.0,x86_64,Tal,,2018-05-28 10:38:22
185946404262,o-17vbev18sdyslf98g,Linux - Ubuntu 12.04.5 LTS x86_64 (Linux 3.13.0-117-generic),12.4.0.0,x86_64,Tal,,2018-05-28 10:05:08
185946404262,o-17vbev18sdyslf98g,Linux - Ubuntu 12.04.5 LTS x86_64 (Linux 3.13.0-117-generic),12.4.0.0,x86_64,Tal,,2018-05-28 11:48:01
185946404262,o-17vbev18sdyslf98g,Linux - Ubuntu 12.04.5 LTS x86_64 (Linux 3.13.0-117-generic),12.4.0.0,x86_64,Tal,,2018-05-28 11:12:34
185946404262,o-17vbev18sdyslf98g,Linux - Ubuntu 12.04.5 LTS x86_64 (Linux 3.13.0-117-generic),12.4.0.0,x86_64,Tal,,2018-05-28 11:30:46
185946404262,o-17vbev18sdyslf98g,Linux - Ubuntu 12.04.5 LTS x86_64 (Linux 3.13.0-117-generic),12.4.0.0,x86_64,Tal,,2018-05-28 12:28:41
185946404262,o-17vbev18sdyslf98g,Linux - Ubuntu 12.04.5 LTS x86_64 (Linux 3.13.0-117-generic),12.4.0.0,x86_64,Tal,,2018-05-28 12:48:07
185946404262,o-17vbev18sdyslf98g,Linux - Ubuntu 12.04.5 LTS x86_64 (Linux 3.13.0-117-generic),12.4.0.0,x86_64,Tal,,2018-05-28 12:09:22
185946404262,o-17vbev18sdyslf98g,Linux - Ubuntu 12.04.5 LTS x86_64 (Linux 3.13.0-117-generic),12.4.0.0,x86_64,Tal,,2018-05-28 12:09:22
185946404262,o-17vbev18sdyslf98g,Linux - Ubuntu 12.04.5 LTS x86_64 (Linux 3.13.0-117-generic),12.4.0.0,x86_64,Tal,,2018-05-28 13:48:11
185946404262,o-17vbev18sdyslf98g,Linux - Ubuntu 12.04.5 LTS x86_64 (Linux 3.13.0-117-generic),12.4.0.0,x86_64,Tal,,2018-05-28 13:09:35
185946404262,o-17vbev18sdyslf98g,Linux - Ubuntu 12.04.5 LTS x86_64 (Linux 3.13.0-117-generic),12.4.0.0,x86_64,Tal,,2018-05-28 13:09:35
185946404262,o-17vbev18sdyslf98g,Linux - Ubuntu 12.04.5 LTS x86_64 (Linux 3.13.0-117-generic),12.4.0.0,x86_64,Tal,,2018-05-28 13:28:49
185946404262,o-17vbev18sdyslf98g,Linux - Ubuntu 12.04.5 LTS x86_64 (Linux 3.13.0-117-generic),12.4.0.0,x86_64,Tal,,2018-05-28 14:10:38
185946404262,o-17vbev18sdyslf98g,Linux - Ubuntu 12.04.5 LTS x86_64 (Linux 3.13.0-117-generic),12.4.0.0,x86_64,Tal,,2018-05-28 14:10:38
185946404262,o-17vbev18sdyslf98g,Linux - Ubuntu 12.04.5 LTS x86_64 (Linux 3.13.0-117-generic),12.4.0.0,x86_64,Tal,,2018-05-28 14:28:53
185946404262,o-17vbev18sdyslf98g,Linux - Ubuntu 12.04.5 LTS x86_64 (Linux 3.13.0-117-generic),12.4.0.0,x86_64,Tal,,2018-05-28 14:47:13
185946404262,o-17vbev18sdyslf98g,Linux - Ubuntu 12.04.5 LTS x86_64 (Linux 3.13.0-117-generic),12.4.0.0,x86_64,Tal,,2018-05-28 15:10:40
185946404262,o-17vbev18sdyslf98g,Linux - Ubuntu 12.04.5 LTS x86_64 (Linux 3.13.0-117-generic),12.4.0.0,x86_64,Tal,,2018-05-28 15:10:40
185946404262,o-17vbev18sdyslf98g,Linux - Ubuntu 12.04.5 LTS x86_64 (Linux 3.13.0-117-generic),12.4.0.0,x86_64,Tal,,2018-05-28 15:28:51
185946404262,o-17vbev18sdyslf98g,Linux - Ubuntu 12.04.5 LTS x86_64 (Linux 3.13.0-117-generic),12.4.0.0,x86_64,Tal,,2018-05-28 15:45:58
185946404262,o-17vbev18sdyslf98g,Linux - Ubuntu 12.04.5 LTS x86_64 (Linux 3.13.0-117-generic),12.4.0.0,x86_64,Tal,,2018-05-28 16:47:14
185946404262,o-17vbev18sdyslf98g,Linux - Ubuntu 12.04.5 LTS x86_64 (Linux 3.13.0-117-generic),12.4.0.0,x86_64,Tal,,2018-05-28 16:30:00
185946404262,o-17vbev18sdyslf98g,Linux - Ubuntu 12.04.5 LTS x86_64 (Linux 3.13.0-117-generic),12.4.0.0,x86_64,Tal,,2018-05-28 16:11:47
185946404262,o-17vbev18sdyslf98g,Linux - Ubuntu 12.04.5 LTS x86_64 (Linux 3.13.0-117-generic),12.4.0.0,x86_64,Tal,,2018-05-28 16:11:47
185946404262,o-17vbev18sdyslf98g,Linux - Ubuntu 12.04.5 LTS x86_64 (Linux 3.13.0-117-generic),12.4.0.0,x86_64,Tal,,2018-05-28 17:04:25
185946404262,o-17vbev18sdyslf98g,Linux - Ubuntu 12.04.5 LTS x86_64 (Linux 3.13.0-117-generic),12.4.0.0,x86_64,Tal,,2018-05-28 17:21:35
185946404262,o-17vbev18sdyslf98g,Linux - Ubuntu 12.04.5 LTS x86_64 (Linux 3.13.0-117-generic),12.4.0.0,x86_64,Tal,,2018-05-28 17:39:48
185946404262,o-17vbev18sdyslf98g,Linux - Ubuntu 12.04.5 LTS x86_64 (Linux 3.13.0-117-generic),12.4.0.0,x86_64,Tal,,2018-05-28 17:39:48
185946404262,o-17vbev18sdyslf98g,Linux - Ubuntu 12.04.5 LTS x86_64 (Linux 3.13.0-117-generic),12.4.0.0,x86_64,Tal,,2018-05-28 18:02:18
185946404262,o-17vbev18sdyslf98g,Linux - Ubuntu 12.04.5 LTS x86_64 (Linux 3.13.0-117-generic),12.4.0.0,x86_64,Tal,,2018-05-28 18:39:58
185946404262,o-17vbev18sdyslf98g,Linux - Ubuntu 12.04.5 LTS x86_64 (Linux 3.13.0-117-generic),12.4.0.0,x86_64,Tal,,2018-05-28 18:39:58
185946404262,o-17vbev18sdyslf98g,Linux - Ubuntu 12.04.5 LTS x86_64 (Linux 3.13.0-117-generic),12.4.0.0,x86_64,Tal,,2018-05-28 18:21:43
185946404262,o-17vbev18sdyslf98g,Linux - Ubuntu 12.04.5 LTS x86_64 (Linux 3.13.0-117-generic),12.4.0.0,x86_64,Tal,,2018-05-28 19:02:33
185946404262,o-17vbev18sdyslf98g,Linux - Ubuntu 12.04.5 LTS x86_64 (Linux 3.13.0-117-generic),12.4.0.0,x86_64,Tal,,2018-05-28 19:40:02
185946404262,o-17vbev18sdyslf98g,Linux - Ubuntu 12.04.5 LTS x86_64 (Linux 3.13.0-117-generic),12.4.0.0,x86_64,Tal,,2018-05-28 19:40:02
185946404262,o-17vbev18sdyslf98g,Linux - Ubuntu 12.04.5 LTS x86_64 (Linux 3.13.0-117-generic),12.4.0.0,x86_64,Tal,,2018-05-28 19:59:13
185946404262,o-17vbev18sdyslf98g,Linux - Ubuntu 12.04.5 LTS x86_64 (Linux 3.13.0-117-generic),12.4.0.0,x86_64,Tal,,2018-05-28 19:20:48
185946404262,o-17vbev18sdyslf98g,Linux - Ubuntu 12.04.5 LTS x86_64 (Linux 3.13.0-117-generic),12.4.0.0,x86_64,Tal,,2018-05-28 20:16:18
185946404262,o-17vbev18sdyslf98g,Linux - Ubuntu 12.04.5 LTS x86_64 (Linux 3.13.0-117-generic),12.4.0.0,x86_64,Tal,,2018-05-28 20:56:57
185946404262,o-17vbev18sdyslf98g,Linux - Ubuntu 12.04.5 LTS x86_64 (Linux 3.13.0-117-generic),12.4.0.0,x86_64,Tal,,2018-05-28 20:56:57
185946404262,o-17vbev18sdyslf98g,Linux - Ubuntu 12.04.5 LTS x86_64 (Linux 3.13.0-117-generic),12.4.0.0,x86_64,Tal,,2018-05-28 20:38:49
185946404262,o-17vbev18sdyslf98g,Linux - Ubuntu 12.04.5 LTS x86_64 (Linux 3.13.0-117-generic),12.4.0.0,x86_64,Tal,,2018-05-28 21:40:42
185946404262,o-17vbev18sdyslf98g,Linux - Ubuntu 12.04.5 LTS x86_64 (Linux 3.13.0-117-generic),12.4.0.0,x86_64,Tal,,2018-05-28 21:40:42
185946404262,o-17vbev18sdyslf98g,Linux - Ubuntu 12.04.5 LTS x86_64 (Linux 3.13.0-117-generic),12.4.0.0,x86_64,Tal,,2018-05-28 21:18:23
185946404262,o-17vbev18sdyslf98g,Linux - Ubuntu 12.04.5 LTS x86_64 (Linux 3.13.0-117-generic),12.4.0.0,x86_64,Tal,,2018-05-28 22:56:51
185946404262,o-17vbev18sdyslf98g,Linux - Ubuntu 12.04.5 LTS x86_64 (Linux 3.13.0-117-generic),12.4.0.0,x86_64,Tal,,2018-05-28 22:00:58
185946404262,o-17vbev18sdyslf98g,Linux - Ubuntu 12.04.5 LTS x86_64 (Linux 3.13.0-117-generic),12.4.0.0,x86_64,Tal,,2018-05-28 22:39:46
185946404262,o-17vbev18sdyslf98g,Linux - Ubuntu 12.04.5 LTS x86_64 (Linux 3.13.0-117-generic),12.4.0.0,x86_64,Tal,,2018-05-28 22:39:46
185946404262,o-17vbev18sdyslf98g,Linux - Ubuntu 12.04.5 LTS x86_64 (Linux 3.13.0-117-generic),12.4.0.0,x86_64,Tal,,2018-05-28 22:18:20
185946404262,o-17vbev18sdyslf98g,Linux - Ubuntu 12.04.5 LTS x86_64 (Linux 3.13.0-117-generic),12.4.0.0,x86_64,Tal,,2018-05-28 23:53:41
185946404262,o-17vbev18sdyslf98g,Linux - Ubuntu 12.04.5 LTS x86_64 (Linux 3.13.0-117-generic),12.4.0.0,x86_64,Tal,,2018-05-28 23:14:02
185946404262,o-17vbev18sdyslf98g,Linux - Ubuntu 12.04.5 LTS x86_64 (Linux 3.13.0-117-generic),12.4.0.0,x86_64,Tal,,2018-05-28 23:32:16
185946404262,o-17vbev18sdyslf98g,Linux - Ubuntu 12.04.5 LTS x86_64 (Linux 3.13.0-117-generic),12.4.0.0,x86_64,Tal,,2018-05-29 00:10:46
185946404262,o-17vbev18sdyslf98g,Linux - Ubuntu 12.04.5 LTS x86_64 (Linux 3.13.0-117-generic),12.4.0.0,x86_64,Tal,,2018-05-29 00:10:46
185946404262,o-17vbev18sdyslf98g,Linux - Ubuntu 12.04.5 LTS x86_64 (Linux 3.13.0-117-generic),12.4.0.0,x86_64,Tal,,2018-05-29 00:56:56
185946404262,o-17vbev18sdyslf98g,Linux - Ubuntu 12.04.5 LTS x86_64 (Linux 3.13.0-117-generic),12.4.0.0,x86_64,Tal,,2018-05-29 00:56:56
185946404262,o-17vbev18sdyslf98g,Linux - Ubuntu 12.04.5 LTS x86_64 (Linux 3.13.0-117-generic),12.4.0.0,x86_64,Tal,,2018-05-29 00:32:22
185946404262,o-17vbev18sdyslf98g,Linux - Ubuntu 12.04.5 LTS x86_64 (Linux 3.13.0-117-generic),12.4.0.0,x86_64,Tal,,2018-05-29 01:15:09
185946404262,o-17vbev18sdyslf98g,Linux - Ubuntu 12.04.5 LTS x86_64 (Linux 3.13.0-117-generic),12.4.0.0,x86_64,Tal,,2018-05-29 01:32:23
185946404262,o-17vbev18sdyslf98g,Linux - Ubuntu 12.04.5 LTS x86_64 (Linux 3.13.0-117-generic),12.4.0.0,x86_64,Tal,,2018-05-29 01:53:50
185946404262,o-17vbev18sdyslf98g,Linux - Ubuntu 12.04.5 LTS x86_64 (Linux 3.13.0-117-generic),12.4.0.0,x86_64,Tal,,2018-05-29 02:33:34
185946404262,o-17vbev18sdyslf98g,Linux - Ubuntu 12.04.5 LTS x86_64 (Linux 3.13.0-117-generic),12.4.0.0,x86_64,Tal,,2018-05-29 02:13:04
185946404262,o-17vbev18sdyslf98g,Linux - Ubuntu 12.04.5 LTS x86_64 (Linux 3.13.0-117-generic),12.4.0.0,x86_64,Tal,,2018-05-29 02:13:04
185946404262,o-17vbev18sdyslf98g,Linux - Ubuntu 12.04.5 LTS x86_64 (Linux 3.13.0-117-generic),12.4.0.0,x86_64,Tal,,2018-05-29 02:55:59
185946404262,o-17vbev18sdyslf98g,Linux - Ubuntu 12.04.5 LTS x86_64 (Linux 3.13.0-117-generic),12.4.0.0,x86_64,Tal,,2018-05-29 02:55:59
185946404262,o-17vbev18sdyslf98g,Linux - Ubuntu 12.04.5 LTS x86_64 (Linux 3.13.0-117-generic),12.4.0.0,x86_64,Tal,,2018-05-29 03:54:57
185946404262,o-17vbev18sdyslf98g,Linux - Ubuntu 12.04.5 LTS x86_64 (Linux 3.13.0-117-generic),12.4.0.0,x86_64,Tal,,2018-05-29 03:54:57
185946404262,o-17vbev18sdyslf98g,Linux - Ubuntu 12.04.5 LTS x86_64 (Linux 3.13.0-117-generic),12.4.0.0,x86_64,Tal,,2018-05-29 03:18:32
185946404262,o-17vbev18sdyslf98g,Linux - Ubuntu 12.04.5 LTS x86_64 (Linux 3.13.0-117-generic),12.4.0.0,x86_64,Tal,,2018-05-29 03:37:46
185946404262,o-17vbev18sdyslf98g,Linux - Ubuntu 12.04.5 LTS x86_64 (Linux 3.13.0-117-generic),12.4.0.0,x86_64,Tal,,2018-05-29 04:15:09
185946404262,o-17vbev18sdyslf98g,Linux - Ubuntu 12.04.5 LTS x86_64 (Linux 3.13.0-117-generic),12.4.0.0,x86_64,Tal,,2018-05-29 04:32:22
185946404262,o-17vbev18sdyslf98g,Linux - Ubuntu 12.04.5 LTS x86_64 (Linux 3.13.0-117-generic),12.4.0.0,x86_64,Tal,,2018-05-29 04:54:56
185946404262,o-17vbev18sdyslf98g,Linux - Ubuntu 12.04.5 LTS x86_64 (Linux 3.13.0-117-generic),12.4.0.0,x86_64,Tal,,2018-05-29 04:54:56
185946404262,o-17vbev18sdyslf98g,Linux - Ubuntu 12.04.5 LTS x86_64 (Linux 3.13.0-117-generic),12.4.0.0,x86_64,Tal,,2018-05-29 05:37:46
185946404262,o-17vbev18sdyslf98g,Linux - Ubuntu 12.04.5 LTS x86_64 (Linux 3.13.0-117-generic),12.4.0.0,x86_64,Tal,,2018-05-29 05:57:01
185946404262,o-17vbev18sdyslf98g,Linux - Ubuntu 12.04.5 LTS x86_64 (Linux 3.13.0-117-generic),12.4.0.0,x86_64,Tal,,2018-05-29 05:57:01
185946404262,o-17vbev18sdyslf98g,Linux - Ubuntu 12.04.5 LTS x86_64 (Linux 3.13.0-117-generic),12.4.0.0,x86_64,Tal,,2018-05-29 05:16:14
185946404262,o-17vbev18sdyslf98g,Linux - Ubuntu 12.04.5 LTS x86_64 (Linux 3.13.0-117-generic),12.4.0.0,x86_64,Tal,,2018-05-29 06:56:15
185946404262,o-17vbev18sdyslf98g,Linux - Ubuntu 12.04.5 LTS x86_64 (Linux 3.13.0-117-generic),12.4.0.0,x86_64,Tal,,2018-05-29 06:56:15
185946404262,o-17vbev18sdyslf98g,Linux - Ubuntu 12.04.5 LTS x86_64 (Linux 3.13.0-117-generic),12.4.0.0,x86_64,Tal,,2018-05-29 06:16:19
185946404262,o-17vbev18sdyslf98g,Linux - Ubuntu 12.04.5 LTS x86_64 (Linux 3.13.0-117-generic),12.4.0.0,x86_64,Tal,,2018-05-29 06:34:40
185946404262,o-17vbev18sdyslf98g,Linux - Ubuntu 12.04.5 LTS x86_64 (Linux 3.13.0-117-generic),12.4.0.0,x86_64,Tal,,2018-05-29 07:15:35
185946404262,o-17vbev18sdyslf98g,Linux - Ubuntu 12.04.5 LTS x86_64 (Linux 3.13.0-117-generic),12.4.0.0,x86_64,Tal,,2018-05-29 07:32:53
185946404262,o-17vbev18sdyslf98g,Linux - Ubuntu 12.04.5 LTS x86_64 (Linux 3.13.0-117-generic),12.4.0.0,x86_64,Tal,,2018-05-29 07:53:16
185946404262,o-17vbev18sdyslf98g,Linux - Ubuntu 12.04.5 LTS x86_64 (Linux 3.13.0-117-generic),12.4.0.0,x86_64,Tal,,2018-05-29 08:49:19
185946404262,o-17vbev18sdyslf98g,Linux - Ubuntu 12.04.5 LTS x86_64 (Linux 3.13.0-117-generic),12.4.0.0,x86_64,Tal,,2018-05-29 08:10:28
185946404262,o-17vbev18sdyslf98g,Linux - Ubuntu 12.04.5 LTS x86_64 (Linux 3.13.0-117-generic),12.4.0.0,x86_64,Tal,,2018-05-29 08:10:28
185946404262,o-17vbev18sdyslf98g,Linux - Ubuntu 12.04.5 LTS x86_64 (Linux 3.13.0-117-generic),12.4.0.0,x86_64,Tal,,2018-05-29 08:30:51
185946404262,o-17vbev18sdyslf98g,Linux - Ubuntu 12.04.5 LTS x86_64 (Linux 3.13.0-117-generic),12.4.0.0,x86_64,Tal,,2018-05-29 09:25:48
185946404262,o-17vbev18sdyslf98g,Linux - Ubuntu 12.04.5 LTS x86_64 (Linux 3.13.0-117-generic),12.4.0.0,x86_64,Tal,,2018-05-29 09:25:48
185946404262,o-17vbev18sdyslf98g,Linux - Ubuntu 12.04.5 LTS x86_64 (Linux 3.13.0-117-generic),12.4.0.0,x86_64,Tal,,2018-05-29 09:07:32
185946404262,o-17vbev18sdyslf98g,Linux - Ubuntu 12.04.5 LTS x86_64 (Linux 3.13.0-117-generic),12.4.0.0,x86_64,Tal,,2018-05-29 09:45:07
185946404262,o-17vbev18sdyslf98g,Linux - Ubuntu 12.04.5 LTS x86_64 (Linux 3.13.0-117-generic),12.4.0.0,x86_64,Tal,,2018-05-29 10:56:01
185946404262,o-17vbev18sdyslf98g,Linux - Ubuntu 12.04.5 LTS x86_64 (Linux 3.13.0-117-generic),12.4.0.0,x86_64,Tal,,2018-05-29 10:56:01
185946404262,o-17vbev18sdyslf98g,Linux - Ubuntu 12.04.5 LTS x86_64 (Linux 3.13.0-117-generic),12.4.0.0,x86_64,Tal,,2018-05-29 10:34:38
185946404262,o-17vbev18sdyslf98g,Linux - Ubuntu 12.04.5 LTS x86_64 (Linux 3.13.0-117-generic),12.4.0.0,x86_64,Tal,,2018-05-29 10:16:11
185946404262,o-17vbev18sdyslf98g,Linux - Ubuntu 12.04.5 LTS x86_64 (Linux 3.13.0-117-generic),12.4.0.0,x86_64,Tal,,2018-05-29 10:01:11
185946404262,o-17vbev18sdyslf98g,Linux - Ubuntu 12.04.5 LTS x86_64 (Linux 3.13.0-117-generic),12.4.0.0,x86_64,Tal,,2018-05-29 11:46:21
185946404262,o-17vbev18sdyslf98g,Linux - Ubuntu 12.04.5 LTS x86_64 (Linux 3.13.0-117-generic),12.4.0.0,x86_64,Tal,,2018-05-29 11:09:56
185946404262,o-17vbev18sdyslf98g,Linux - Ubuntu 12.04.5 LTS x86_64 (Linux 3.13.0-117-generic),12.4.0.0,x86_64,Tal,,2018-05-29 11:26:03
185946404262,o-17vbev18sdyslf98g,Linux - Ubuntu 12.04.5 LTS x86_64 (Linux 3.13.0-117-generic),12.4.0.0,x86_64,Tal,,2018-05-29 12:30:18
185946404262,o-17vbev18sdyslf98g,Linux - Ubuntu 12.04.5 LTS x86_64 (Linux 3.13.0-117-generic),12.4.0.0,x86_64,Tal,,2018-05-29 12:12:09
185946404262,o-17vbev18sdyslf98g,Linux - Ubuntu 12.04.5 LTS x86_64 (Linux 3.13.0-117-generic),12.4.0.0,x86_64,Tal,,2018-05-29 12:12:09
185946404262,o-17vbev18sdyslf98g,Linux - Ubuntu 12.04.5 LTS x86_64 (Linux 3.13.0-117-generic),12.4.0.0,x86_64,Tal,,2018-05-29 12:56:11
185946404262,o-17vbev18sdyslf98g,Linux - Ubuntu 12.04.5 LTS x86_64 (Linux 3.13.0-117-generic),12.4.0.0,x86_64,Tal,,2018-05-29 12:56:11
185946404262,o-17vbev18sdyslf98g,Linux - Ubuntu 12.04.5 LTS x86_64 (Linux 3.13.0-117-generic),12.4.0.0,x86_64,Tal,,2018-05-29 13:14:31
185946404262,o-17vbev18sdyslf98g,Linux - Ubuntu 12.04.5 LTS x86_64 (Linux 3.13.0-117-generic),12.4.0.0,x86_64,Tal,,2018-05-29 13:51:07
185946404262,o-17vbev18sdyslf98g,Linux - Ubuntu 12.04.5 LTS x86_64 (Linux 3.13.0-117-generic),12.4.0.0,x86_64,Tal,,2018-05-29 13:31:42
185946404262,o-17vbev18sdyslf98g,Linux - Ubuntu 12.04.5 LTS x86_64 (Linux 3.13.0-117-generic),12.4.0.0,x86_64,Tal,,2018-05-29 14:56:38
185946404262,o-17vbev18sdyslf98g,Linux - Ubuntu 12.04.5 LTS x86_64 (Linux 3.13.0-117-generic),12.4.0.0,x86_64,Tal,,2018-05-29 14:56:38
185946404262,o-17vbev18sdyslf98g,Linux - Ubuntu 12.04.5 LTS x86_64 (Linux 3.13.0-117-generic),12.4.0.0,x86_64,Tal,,2018-05-29 14:10:30
185946404262,o-17vbev18sdyslf98g,Linux - Ubuntu 12.04.5 LTS x86_64 (Linux 3.13.0-117-generic),12.4.0.0,x86_64,Tal,,2018-05-29 14:10:30
185946404262,o-17vbev18sdyslf98g,Linux - Ubuntu 12.04.5 LTS x86_64 (Linux 3.13.0-117-generic),12.4.0.0,x86_64,Tal,,2018-05-29 14:31:59
185946404262,o-17vbev18sdyslf98g,Linux - Ubuntu 12.04.5 LTS x86_64 (Linux 3.13.0-117-generic),12.4.0.0,x86_64,Tal,,2018-05-29 15:14:50
185946404262,o-17vbev18sdyslf98g,Linux - Ubuntu 12.04.5 LTS x86_64 (Linux 3.13.0-117-generic),12.4.0.0,x86_64,Tal,,2018-05-29 15:30:53
185946404262,o-17vbev18sdyslf98g,Linux - Ubuntu 12.04.5 LTS x86_64 (Linux 3.13.0-117-generic),12.4.0.0,x86_64,Tal,,2018-05-29 15:51:24
185946404262,o-17vbev18sdyslf98g,Linux - Ubuntu 12.04.5 LTS x86_64 (Linux 3.13.0-117-generic),12.4.0.0,x86_64,Tal,,2018-05-29 16:08:43
185946404262,o-17vbev18sdyslf98g,Linux - Ubuntu 12.04.5 LTS x86_64 (Linux 3.13.0-117-generic),12.4.0.0,x86_64,Tal,,2018-05-29 16:26:58
185946404262,o-17vbev18sdyslf98g,Linux - Ubuntu 12.04.5 LTS x86_64 (Linux 3.13.0-117-generic),12.4.0.0,x86_64,Tal,,2018-05-29 16:26:58
185946404262,o-17vbev18sdyslf98g,Linux - Ubuntu 12.04.5 LTS x86_64 (Linux 3.13.0-117-generic),12.4.0.0,x86_64,Tal,,2018-05-29 16:43:04
185946404262,o-17vbev18sdyslf98g,Linux - Ubuntu 12.04.5 LTS x86_64 (Linux 3.13.0-117-generic),12.4.0.0,x86_64,Tal,,2018-05-29 17:56:18
185946404262,o-17vbev18sdyslf98g,Linux - Ubuntu 12.04.5 LTS x86_64 (Linux 3.13.0-117-generic),12.4.0.0,x86_64,Tal,,2018-05-29 17:56:18
185946404262,o-17vbev18sdyslf98g,Linux - Ubuntu 12.04.5 LTS x86_64 (Linux 3.13.0-117-generic),12.4.0.0,x86_64,Tal,,2018-05-29 17:38:55
185946404262,o-17vbev18sdyslf98g,Linux - Ubuntu 12.04.5 LTS x86_64 (Linux 3.13.0-117-generic),12.4.0.0,x86_64,Tal,,2018-05-29 17:19:39
185946404262,o-17vbev18sdyslf98g,Linux - Ubuntu 12.04.5 LTS x86_64 (Linux 3.13.0-117-generic),12.4.0.0,x86_64,Tal,,2018-05-29 17:01:15
185946404262,o-17vbev18sdyslf98g,Linux - Ubuntu 12.04.5 LTS x86_64 (Linux 3.13.0-117-generic),12.4.0.0,x86_64,Tal,,2018-05-29 18:45:52
185946404262,o-17vbev18sdyslf98g,Linux - Ubuntu 12.04.5 LTS x86_64 (Linux 3.13.0-117-generic),12.4.0.0,x86_64,Tal,,2018-05-29 18:12:24
185946404262,o-17vbev18sdyslf98g,Linux - Ubuntu 12.04.5 LTS x86_64 (Linux 3.13.0-117-generic),12.4.0.0,x86_64,Tal,,2018-05-29 18:29:39
185946404262,o-17vbev18sdyslf98g,Linux - Ubuntu 12.04.5 LTS x86_64 (Linux 3.13.0-117-generic),12.4.0.0,x86_64,Tal,,2018-05-29 19:05:23
185946404262,o-17vbev18sdyslf98g,Linux - Ubuntu 12.04.5 LTS x86_64 (Linux 3.13.0-117-generic),12.4.0.0,x86_64,Tal,,2018-05-29 19:26:50
185946404262,o-17vbev18sdyslf98g,Linux - Ubuntu 12.04.5 LTS x86_64 (Linux 3.13.0-117-generic),12.4.0.0,x86_64,Tal,,2018-05-29 19:26:50
185946404262,o-17vbev18sdyslf98g,Linux - Ubuntu 12.04.5 LTS x86_64 (Linux 3.13.0-117-generic),12.4.0.0,x86_64,Tal,,2018-05-29 19:47:15
185946404262,o-17vbev18sdyslf98g,Linux - Ubuntu 12.04.5 LTS x86_64 (Linux 3.13.0-117-generic),12.4.0.0,x86_64,Tal,,2018-05-29 20:46:10
185946404262,o-17vbev18sdyslf98g,Linux - Ubuntu 12.04.5 LTS x86_64 (Linux 3.13.0-117-generic),12.4.0.0,x86_64,Tal,,2018-05-29 20:30:07
185946404262,o-17vbev18sdyslf98g,Linux - Ubuntu 12.04.5 LTS x86_64 (Linux 3.13.0-117-generic),12.4.0.0,x86_64,Tal,,2018-05-29 20:12:57
185946404262,o-17vbev18sdyslf98g,Linux - Ubuntu 12.04.5 LTS x86_64 (Linux 3.13.0-117-generic),12.4.0.0,x86_64,Tal,,2018-05-29 20:12:57
185946404262,o-17vbev18sdyslf98g,Linux - Ubuntu 12.04.5 LTS x86_64 (Linux 3.13.0-117-generic),12.4.0.0,x86_64,Tal,,2018-05-29 21:55:14
185946404262,o-17vbev18sdyslf98g,Linux - Ubuntu 12.04.5 LTS x86_64 (Linux 3.13.0-117-generic),12.4.0.0,x86_64,Tal,,2018-05-29 21:03:30
185946404262,o-17vbev18sdyslf98g,Linux - Ubuntu 12.04.5 LTS x86_64 (Linux 3.13.0-117-generic),12.4.0.0,x86_64,Tal,,2018-05-29 21:19:41
185946404262,o-17vbev18sdyslf98g,Linux - Ubuntu 12.04.5 LTS x86_64 (Linux 3.13.0-117-generic),12.4.0.0,x86_64,Tal,,2018-05-29 21:39:01
185946404262,o-17vbev18sdyslf98g,Linux - Ubuntu 12.04.5 LTS x86_64 (Linux 3.13.0-117-generic),12.4.0.0,x86_64,Tal,,2018-05-29 22:48:17
185946404262,o-17vbev18sdyslf98g,Linux - Ubuntu 12.04.5 LTS x86_64 (Linux 3.13.0-117-generic),12.4.0.0,x86_64,Tal,,2018-05-29 22:11:24
185946404262,o-17vbev18sdyslf98g,Linux - Ubuntu 12.04.5 LTS x86_64 (Linux 3.13.0-117-generic),12.4.0.0,x86_64,Tal,,2018-05-29 22:11:24
185946404262,o-17vbev18sdyslf98g,Linux - Ubuntu 12.04.5 LTS x86_64 (Linux 3.13.0-117-generic),12.4.0.0,x86_64,Tal,,2018-05-29 22:29:41
185946404262,o-17vbev18sdyslf98g,Linux - Ubuntu 12.04.5 LTS x86_64 (Linux 3.13.0-117-generic),12.4.0.0,x86_64,Tal,,2018-05-29 23:25:58
185946404262,o-17vbev18sdyslf98g,Linux - Ubuntu 12.04.5 LTS x86_64 (Linux 3.13.0-117-generic),12.4.0.0,x86_64,Tal,,2018-05-29 23:25:58
185946404262,o-17vbev18sdyslf98g,Linux - Ubuntu 12.04.5 LTS x86_64 (Linux 3.13.0-117-generic),12.4.0.0,x86_64,Tal,,2018-05-29 23:47:40
185946404262,o-17vbev18sdyslf98g,Linux - Ubuntu 12.04.5 LTS x86_64 (Linux 3.13.0-117-generic),12.4.0.0,x86_64,Tal,,2018-05-29 23:09:47
185946404262,o-17vbev18sdyslf98g,Linux - Ubuntu 12.04.5 LTS x86_64 (Linux 3.13.0-117-generic),12.4.0.0,x86_64,Tal,,2018-05-30 00:46:03
185946404262,o-17vbev18sdyslf98g,Linux - Ubuntu 12.04.5 LTS x86_64 (Linux 3.13.0-117-generic),12.4.0.0,x86_64,Tal,,2018-05-30 00:26:33
185946404262,o-17vbev18sdyslf98g,Linux - Ubuntu 12.04.5 LTS x86_64 (Linux 3.13.0-117-generic),12.4.0.0,x86_64,Tal,,2018-05-30 00:26:33
185946404262,o-17vbev18sdyslf98g,Linux - Ubuntu 12.04.5 LTS x86_64 (Linux 3.13.0-117-generic),12.4.0.0,x86_64,Tal,,2018-05-30 00:05:56
185946404262,o-17vbev18sdyslf98g,Linux - Ubuntu 12.04.5 LTS x86_64 (Linux 3.13.0-117-generic),12.4.0.0,x86_64,Tal,,2018-05-30 01:31:16
185946404262,o-17vbev18sdyslf98g,Linux - Ubuntu 12.04.5 LTS x86_64 (Linux 3.13.0-117-generic),12.4.0.0,x86_64,Tal,,2018-05-30 01:11:57
185946404262,o-17vbev18sdyslf98g,Linux - Ubuntu 12.04.5 LTS x86_64 (Linux 3.13.0-117-generic),12.4.0.0,x86_64,Tal,,2018-05-30 01:11:57
